x	y
1.96372117107544	0.45473924627511
1.46964366147565	0.490422889690681
0.548869575377077	0.199219016338119
1.96372117107544	0.45473924627511
0.462455851529771	0.187506184046943
-0.12269417777799	0.068488358529084
0.180728132595723	0.0967825004381946
3.27032462336087	1.11801013776878
1.84451762847753	0.728350716630867
1.35064130120685	0.597863106700744
0.362742203934575	0.203432091393046
0.728385198790444	0.481050298211375
0.0689950776911703	0.0428036286281989
0.183526869823475	0.0983912794161795
-0.0313083012657367	0.0135552996661402
0.474806409465069	0.192958689821505
0.71488495209138	0.337542222598651
0.118266440771297	0.0873652528314332
0.863384927503721	0.788429346087237
-1.66023455680475	2.05354459985753
0.490806493635473	0.336436242026236
1.59816145652155	1.73316987629861
1.03272773844526	1.23856618587531
-0.642718111060394	0.692860941648826
0.470055337326698	0.341919869072395
1.15431572373646	1.18573210951683
-0.0599842063584312	0.0360343762784781
-0.216992041350515	0.139631542626218
0.50139082966022	0.345553939654595
-0.0401459670460827	0.0248185361570596
0.0533481603683555	0.0313205878313471
-0.113510375223366	0.0781192401354555
0.733395671654197	0.48573561263989
-0.844733150096981	0.83011666568827
-0.0885572790441112	0.051477171930606
-1.32793638418948	1.08548858397591
0.593778520409112	0.570633716292671
0.753355391967136	0.63090558993511
0.319254702635983	0.220484756857152
0.343676905356732	0.209562328034455
-0.492728306008036	0.367766918361702
1.58523936703901	2.19835506657931
0.633210972977308	0.594644105244567
-0.0616731730434684	0.037070788255998
0.520333083820254	0.448296936454273
-0.0540028884643976	0.0381951132270202
0.0798261383337743	0.0519973811999635
0.6749334378398	0.789345879968721
-0.0427217640937305	0.0264081022666596
-0.311578223455984	0.294597309295951
-0.459190993512247	0.237422024048279
-0.461873218977419	0.38615752100034
0.692717378797078	0.719243268711715
0.462847322083501	0.436045071186741
2.1551640216209	1.51693213513327
0.302397003788418	0.228403306023958
-0.90971870072422	1.01179780894725
0.442906730576387	0.355513583480373
0.000131756895734047	0.0000685960379923121
-0.211699980171046	0.135922291596502
0.984527233351497	0.673038471089809
0.426350828039547	0.339472966171204
-0.768201441222508	0.501037051826597
0.313293492868613	0.227332351989761
-0.878306772526406	0.721755244702384
0.927283858493843	1.15597372797038
0.118170739498909	0.0925223074025875
1.3659826946053	2.49427213623987
-0.0977823060271099	0.0687504045723939
1.1019093553068	0.680529583868842
0.568269319902031	0.331667325503379
-0.0402959371638705	0.0172976051318413
0.441059143050055	0.335768701036763
0.188697196926702	0.145114969769149
0.449267337159463	0.343593438635366
0.496294190092553	0.459476922177197
0.628110690170743	0.47795001216177
1.96276901321247	0.454520391574277
1.09446319502962	0.535866721790447
1.29459048893066	0.718503089093347
0.809594393657663	0.486740582545185
0.6278228139793	0.330521761875909
1.96276901321247	0.454520391574277
2.76219840038386	0.780594539857824
0.165088029467664	0.0313824661178469
3.6449477089076	1.4449787602644
1.96684138854469	0.455504908505281
1.96276901321247	0.454520391574277
1.83823555635058	0.72495958068474
1.96372117107544	0.45473924627511
1.96372117107544	0.45473924627511
1.96372117107544	0.45473924627511
2.76559849788836	0.78194178274137
0.16619130625606	0.0315431724784316
2.76219840038386	0.780594539857824
0.165088029467664	0.0313824661178469
0.968469219672053	0.25651021792255
0.962025660417238	0.254682745005495
1.83948692258838	0.725717515665962
2.76559849788836	0.78194178274137
1.96684138854469	0.455504908505281
2.76330811440907	0.780761067286217
-3.75192082283692	1.48279230677585
1.96276901321247	0.454520391574277
1.84644215856505	0.729350990286639
1.96276901321247	0.454520391574277
1.96372117107544	0.45473924627511
2.76219840038386	0.780594539857824
1.96684138854469	0.455504908505281
1.96276901321247	0.454520391574277
1.96276901321247	0.454520391574277
2.76559849788836	0.78194178274137
2.76219840038386	0.780594539857824
2.76219840038386	0.780594539857824
0.165088029467664	0.0313824661178469
3.64995436887393	1.44813448599007
0.16619130625606	0.0315431724784316
-2.57036588579023	0.664816582891659
1.06063740894654	0.405466440477548
0.691240034356655	0.220791555953193
0.474589111281212	0.19285269072617
2.76330811440907	0.780761067286217
0.160144755571284	0.0306956063740573
0.169566032486793	0.032038095111837
1.96372117107544	0.45473924627511
1.85076739399678	0.731080313771041
0.963214248695465	0.255090594573707
3.27152519356808	1.11907150574555
3.65119667594504	1.44884031306495
2.76219840038386	0.780594539857824
1.96276901321247	0.454520391574277
1.96684138854469	0.455504908505281
1.96276901321247	0.454520391574277
0.713080057929733	0.336416201974758
0.963214248695465	0.255090594573707
1.06375255943934	0.407031400293661
1.96276901321247	0.454520391574277
0.963743115659934	0.255236344279286
-2.57522664974505	0.666917731403372
1.46964366147565	0.490422889690681
0.168282085823286	0.0651395862135137
1.96276901321247	0.454520391574277
0.16619130625606	0.0315431724784316
1.96372117107544	0.45473924627511
2.38151726673336	1.20811240042553
1.84066711299049	0.726365639107333
0.71997230620103	0.340590077078722
1.29791470308242	0.721377615057999
0.165088029467664	0.0313824661178469
1.29992838256832	0.723247600092972
0.17899314570337	0.0538175920888867
2.57642610801772	1.44451795578526
-0.324393158207149	0.0929933012825356
1.96684138854469	0.455504908505281
0.963743115659934	0.255236344279286
1.96372117107544	0.45473924627511
1.96372117107544	0.45473924627511
-1.49705816852235	0.532032217355669
0.185813320888401	0.0557349268614171
-0.614206104379299	0.148455859250315
0.165088029467664	0.0313824661178469
0.963214248695465	0.255090594573707
3.27393157336313	1.11982869858365
1.96276901321247	0.454520391574277
0.967933372585482	0.256362285789635
1.11073251367955	0.686953872406249
3.27752825134246	1.12202020233476
1.96276901321247	0.454520391574277
1.06264198810457	0.406540438452512
1.96276901321247	0.454520391574277
1.46910411205871	0.490049168285487
1.96372117107544	0.45473924627511
2.76219840038386	0.780594539857824
3.27752825134246	1.12202020233476
1.05346208699469	0.402359762312703
0.964934921520073	0.255476948633611
1.96372117107544	0.45473924627511
0.165088029467664	0.0313824661178469
1.96276901321247	0.454520391574277
1.46964366147565	0.490422889690681
0.964934921520073	0.255476948633611
0.962025660417238	0.254682745005495
1.84258516456861	0.727293955790375
0.169566032486793	0.032038095111837
3.64871284900552	1.44691597652701
1.96372117107544	0.45473924627511
0.964934921520073	0.255476948633611
-0.199032317017901	0.0641034971037585
0.924061951080643	0.502614819234415
0.890412111230632	0.662858201453428
0.975192400260931	0.66351569581516
