group	x	y	showSelected1
1	20680	24	108
1	20680	24	203
1	20680	24	68
2	20730	24	203
2	20730	24	68
2	20730	24	108
2	20730	24	8
2	20730	24	245
2	20730	24	431
2	20730	24	816
2	20730	24	804
3	20730	74	68
3	20730	74	108
3	20730	74	8
6	20780	74	108
6	20780	74	172
6	20780	74	286
6	20780	74	8
6	20780	74	24
6	20780	74	427
6	20780	74	484
6	20780	74	644
6	20780	74	245
5	20780	124	172
5	20780	124	108
5	20780	124	853
5	20780	124	11
5	20780	124	286
5	20780	124	427
8	20830	124	853
8	20830	124	11
8	20830	124	377
8	20830	124	427
8	20830	124	108
8	20830	124	804
8	20830	124	316
8	20830	124	394
9	20830	174	11
9	20830	174	377
9	20830	174	802
13	20880	174	377
13	20880	174	802
13	20880	174	337
13	20880	174	157
13	20880	174	11
14	20880	224	377
14	20880	224	337
14	20880	224	157
14	20880	224	227
19	20930	224	337
19	20930	224	223
19	20930	224	80
19	20930	224	377
19	20930	224	227
19	20930	224	231
19	20930	224	895
19	20930	224	897
19	20930	224	157
19	20930	224	11
19	20930	224	409
19	20930	224	515
19	20930	224	804
19	20930	224	468
20	20930	274	80
20	20930	274	231
20	20930	274	223
20	20930	274	895
26	20980	274	80
26	20980	274	231
26	20980	274	304
26	20980	274	527
26	20980	274	895
26	20980	274	319
26	20980	274	561
26	20980	274	309
26	20980	274	245
27	20980	324	80
27	20980	324	231
27	20980	324	254
34	21030	324	80
34	21030	324	25
34	21030	324	151
34	21030	324	254
34	21030	324	740
34	21030	324	90
34	21030	324	231
34	21030	324	360
34	21030	324	873
34	21030	324	561
34	21030	324	785
34	21030	324	846
34	21030	324	500
34	21030	324	245
34	21030	324	539
34	21030	324	40
34	21030	324	749
35	21030	374	25
35	21030	374	90
35	21030	374	832
35	21030	374	714
43	21080	374	90
43	21080	374	25
43	21080	374	714
43	21080	374	43
43	21080	374	360
43	21080	374	558
43	21080	374	40
43	21080	374	245
43	21080	374	47
43	21080	374	111
44	21080	424	25
44	21080	424	90
44	21080	424	159
44	21080	424	43
53	21130	424	43
53	21130	424	159
53	21130	424	69
53	21130	424	614
53	21130	424	718
53	21130	424	400
53	21130	424	475
53	21130	424	727
53	21130	424	90
53	21130	424	40
53	21130	424	18
53	21130	424	900
53	21130	424	224
53	21130	424	278
53	21130	424	457
54	21130	474	69
54	21130	474	614
54	21130	474	475
54	21130	474	188
54	21130	474	40
54	21130	474	18
54	21130	474	159
64	21180	474	188
64	21180	474	40
64	21180	474	48
64	21180	474	568
64	21180	474	18
64	21180	474	120
64	21180	474	818
64	21180	474	475
64	21180	474	597
64	21180	474	69
64	21180	474	290
64	21180	474	224
64	21180	474	137
64	21180	474	245
66	21180	524	40
66	21180	524	48
66	21180	524	15
66	21180	524	790
66	21180	524	576
66	21180	524	120
66	21180	524	247
77	21230	524	15
77	21230	524	40
77	21230	524	96
77	21230	524	576
77	21230	524	847
77	21230	524	247
77	21230	524	772
77	21230	524	467
77	21230	524	120
77	21230	524	57
77	21230	524	290
77	21230	524	137
77	21230	524	866
78	21230	574	96
78	21230	574	349
78	21230	574	40
78	21230	574	385
78	21230	574	576
78	21230	574	15
90	21280	574	349
90	21280	574	385
90	21280	574	15
90	21280	574	492
90	21280	574	96
90	21280	574	580
90	21280	574	366
90	21280	574	57
90	21280	574	784
90	21280	574	102
90	21280	574	760
90	21280	574	14
90	21280	574	40
90	21280	574	31
91	21280	624	57
91	21280	624	366
91	21280	624	606
91	21280	624	492
91	21280	624	15
91	21280	624	574
91	21280	624	784
91	21280	624	14
104	21330	624	680
104	21330	624	57
104	21330	624	458
104	21330	624	366
104	21330	624	14
104	21330	624	566
104	21330	624	574
104	21330	624	421
104	21330	624	456
104	21330	624	571
104	21330	624	567
104	21330	624	229
104	21330	624	763
104	21330	624	40
105	21330	674	57
105	21330	674	14
105	21330	674	229
105	21330	674	458
105	21330	674	566
105	21330	674	541
105	21330	674	799
105	21330	674	571
105	21330	674	456
119	21380	674	229
119	21380	674	57
119	21380	674	799
119	21380	674	541
119	21380	674	571
120	21380	724	229
120	21380	724	57
135	21430	724	731
135	21430	724	229
135	21430	724	729
135	21430	724	76
135	21430	724	293
135	21430	724	57
135	21430	724	470
4	20780	24	108
4	20780	24	8
4	20780	24	245
4	20780	24	644
4	20780	24	804
4	20780	24	816
4	20780	24	111
4	20780	24	24
4	20780	24	286
4	20780	24	863
12	20880	124	11
12	20880	124	377
12	20880	124	245
12	20880	124	316
12	20880	124	409
12	20880	124	157
12	20880	124	767
12	20880	124	543
12	20880	124	136
25	20980	224	895
25	20980	224	231
25	20980	224	223
25	20980	224	561
25	20980	224	515
25	20980	224	157
25	20980	224	11
25	20980	224	409
25	20980	224	111
25	20980	224	80
25	20980	224	468
25	20980	224	815
25	20980	224	447
25	20980	224	122
25	20980	224	397
42	21080	324	25
42	21080	324	360
42	21080	324	873
42	21080	324	43
42	21080	324	80
42	21080	324	500
42	21080	324	40
42	21080	324	539
42	21080	324	846
42	21080	324	245
42	21080	324	47
42	21080	324	111
42	21080	324	749
42	21080	324	231
42	21080	324	20
63	21180	424	69
63	21180	424	18
63	21180	424	224
63	21180	424	40
63	21180	424	475
63	21180	424	245
63	21180	424	48
63	21180	424	43
63	21180	424	457
63	21180	424	894
63	21180	424	221
63	21180	424	592
63	21180	424	61
63	21180	424	148
63	21180	424	613
63	21180	424	298
63	21180	424	508
89	21280	524	96
89	21280	524	15
89	21280	524	40
89	21280	524	57
89	21280	524	31
89	21280	524	137
89	21280	524	770
89	21280	524	101
89	21280	524	1
89	21280	524	578
89	21280	524	62
89	21280	524	746
89	21280	524	707
118	21380	624	14
118	21380	624	229
118	21380	624	57
118	21380	624	571
118	21380	624	716
118	21380	624	835
118	21380	624	58
118	21380	624	741
118	21380	624	36
10	20830	74	427
10	20830	74	11
10	20830	74	108
10	20830	74	484
10	20830	74	316
10	20830	74	804
10	20830	74	24
10	20830	74	111
10	20830	74	377
10	20830	74	394
10	20830	74	98
10	20830	74	286
10	20830	74	315
10	20830	74	510
33	21030	274	231
33	21030	274	80
33	21030	274	561
33	21030	274	309
33	21030	274	319
33	21030	274	57
33	21030	274	40
33	21030	274	500
33	21030	274	785
33	21030	274	355
33	21030	274	374
33	21030	274	608
33	21030	274	97
52	21130	374	43
52	21130	374	40
52	21130	374	224
52	21130	374	90
52	21130	374	25
52	21130	374	231
52	21130	374	245
52	21130	374	278
52	21130	374	47
52	21130	374	239
52	21130	374	493
52	21130	374	20
52	21130	374	872
52	21130	374	83
75	21230	474	120
75	21230	474	290
75	21230	474	40
75	21230	474	137
75	21230	474	18
75	21230	474	15
75	21230	474	48
75	21230	474	57
75	21230	474	761
75	21230	474	811
75	21230	474	894
75	21230	474	61
75	21230	474	109
75	21230	474	291
103	21330	574	14
103	21330	574	57
103	21330	574	366
103	21330	574	567
103	21330	574	229
103	21330	574	40
103	21330	574	156
103	21330	574	34
103	21330	574	31
103	21330	574	616
103	21330	574	705
103	21330	574	575
103	21330	574	292
103	21330	574	295
103	21330	574	73
134	21430	674	229
134	21430	674	57
134	21430	674	841
18	20930	174	157
18	20930	174	377
18	20930	174	11
18	20930	174	468
18	20930	174	543
18	20930	174	223
150	21480	724	57
150	21480	724	229
15	20880	74	11
15	20880	74	377
15	20880	74	98
15	20880	74	896
15	20880	74	893
15	20880	74	106
15	20880	74	344
15	20880	74	510
15	20880	74	136
15	20880	74	722
15	20880	74	436
15	20880	74	243
15	20880	74	111
24	20980	174	468
24	20980	174	11
24	20980	174	223
24	20980	174	397
24	20980	174	136
24	20980	174	273
32	21030	224	231
32	21030	224	80
32	21030	224	11
32	21030	224	579
32	21030	224	122
32	21030	224	187
32	21030	224	223
32	21030	224	608
32	21030	224	97
32	21030	224	600
32	21030	224	629
41	21080	274	80
41	21080	274	231
41	21080	274	97
41	21080	274	43
41	21080	274	47
41	21080	274	608
41	21080	274	20
41	21080	274	753
41	21080	274	195
41	21080	274	217
41	21080	274	208
41	21080	274	229
51	21130	324	43
51	21130	324	47
51	21130	324	493
51	21130	324	20
51	21130	324	531
51	21130	324	83
51	21130	324	177
51	21130	324	469
51	21130	324	95
51	21130	324	747
51	21130	324	756
51	21130	324	131
51	21130	324	611
51	21130	324	189
51	21130	324	50
51	21130	324	229
62	21180	374	43
62	21180	374	457
62	21180	374	278
62	21180	374	239
62	21180	374	732
62	21180	374	20
62	21180	374	872
62	21180	374	462
62	21180	374	148
62	21180	374	298
62	21180	374	18
62	21180	374	297
62	21180	374	83
62	21180	374	95
62	21180	374	604
62	21180	374	329
62	21180	374	206
62	21180	374	338
62	21180	374	57
62	21180	374	229
74	21230	424	48
74	21230	424	894
74	21230	424	18
74	21230	424	592
74	21230	424	61
74	21230	424	380
74	21230	424	801
74	21230	424	657
74	21230	424	508
74	21230	424	839
74	21230	424	450
74	21230	424	109
74	21230	424	56
74	21230	424	291
74	21230	424	719
74	21230	424	595
74	21230	424	449
74	21230	424	325
74	21230	424	480
74	21230	424	71
74	21230	424	257
74	21230	424	229
87	21280	474	40
87	21280	474	137
87	21280	474	18
87	21280	474	487
87	21280	474	31
87	21280	474	683
87	21280	474	1
87	21280	474	109
87	21280	474	291
87	21280	474	101
87	21280	474	707
87	21280	474	61
87	21280	474	757
87	21280	474	661
87	21280	474	593
87	21280	474	6
87	21280	474	780
87	21280	474	71
87	21280	474	346
87	21280	474	560
87	21280	474	57
87	21280	474	229
102	21330	524	31
102	21330	524	57
102	21330	524	156
102	21330	524	14
102	21330	524	101
102	21330	524	728
102	21330	524	621
102	21330	524	295
102	21330	524	62
102	21330	524	1
102	21330	524	229
102	21330	524	533
102	21330	524	814
102	21330	524	536
102	21330	524	75
117	21380	574	57
117	21380	574	229
117	21380	574	34
117	21380	574	716
117	21380	574	616
117	21380	574	36
117	21380	574	797
117	21380	574	292
117	21380	574	73
117	21380	574	58
117	21380	574	336
117	21380	574	685
117	21380	574	213
133	21430	624	229
133	21430	624	57
133	21430	624	741
133	21430	624	681
133	21430	624	58
133	21430	624	674
133	21430	624	116
133	21430	624	36
7	20830	24	108
7	20830	24	172
7	20830	24	286
7	20830	24	24
7	20830	24	111
7	20830	24	315
7	20830	24	11
7	20830	24	8
7	20830	24	863
7	20830	24	510
7	20830	24	517
7	20830	24	106
7	20830	24	632
7	20830	24	472
149	21480	674	229
149	21480	674	57
149	21480	674	388
149	21480	674	817
149	21480	674	809
149	21480	674	774
149	21480	674	238
149	21480	674	653
149	21480	674	407
149	21480	674	451
17	20930	124	543
17	20930	124	11
17	20930	124	377
17	20930	124	136
17	20930	124	106
11	20880	24	11
11	20880	24	106
11	20880	24	24
11	20880	24	699
11	20880	24	436
11	20880	24	111
11	20880	24	315
11	20880	24	243
11	20880	24	108
11	20880	24	632
40	21080	224	608
40	21080	224	80
40	21080	224	97
40	21080	224	600
40	21080	224	753
40	21080	224	217
40	21080	224	187
40	21080	224	243
40	21080	224	122
40	21080	224	208
40	21080	224	229
40	21080	224	11
61	21180	324	20
61	21180	324	83
61	21180	324	95
61	21180	324	611
61	21180	324	50
61	21180	324	297
61	21180	324	229
61	21180	324	189
61	21180	324	57
61	21180	324	338
61	21180	324	217
61	21180	324	243
61	21180	324	64
86	21280	424	291
86	21280	424	109
86	21280	424	61
86	21280	424	1
86	21280	424	29
86	21280	424	56
86	21280	424	71
86	21280	424	18
86	21280	424	229
86	21280	424	57
86	21280	424	257
86	21280	424	6
86	21280	424	581
86	21280	424	180
21	20930	74	11
21	20930	74	136
21	20930	74	106
21	20930	74	722
21	20930	74	344
21	20930	74	243
21	20930	74	516
21	20930	74	111
21	20930	74	587
21	20930	74	223
21	20930	74	663
21	20930	74	150
31	21030	174	11
31	21030	174	223
31	21030	174	122
31	21030	174	187
31	21030	174	524
31	21030	174	273
31	21030	174	637
31	21030	174	229
31	21030	174	106
31	21030	174	111
31	21030	174	243
31	21030	174	281
31	21030	174	97
31	21030	174	503
50	21130	274	43
50	21130	274	20
50	21130	274	747
50	21130	274	131
50	21130	274	97
50	21130	274	412
50	21130	274	189
50	21130	274	229
50	21130	274	588
50	21130	274	777
50	21130	274	50
50	21130	274	243
50	21130	274	376
50	21130	274	408
116	21380	524	229
116	21380	524	57
116	21380	524	34
116	21380	524	685
116	21380	524	432
116	21380	524	73
116	21380	524	1
116	21380	524	827
116	21380	524	317
116	21380	524	850
116	21380	524	367
116	21380	524	610
73	21230	374	18
73	21230	374	595
73	21230	374	206
73	21230	374	604
73	21230	374	329
73	21230	374	325
73	21230	374	95
73	21230	374	338
73	21230	374	57
73	21230	374	859
73	21230	374	615
73	21230	374	229
73	21230	374	100
73	21230	374	132
100	21330	474	1
100	21330	474	101
100	21330	474	661
100	21330	474	757
100	21330	474	75
100	21330	474	31
100	21330	474	780
100	21330	474	6
100	21330	474	229
100	21330	474	849
100	21330	474	57
100	21330	474	560
100	21330	474	618
100	21330	474	126
100	21330	474	599
100	21330	474	300
148	21480	624	57
148	21480	624	229
148	21480	624	116
148	21480	624	662
148	21480	624	388
148	21480	624	238
148	21480	624	465
148	21480	624	407
132	21430	574	58
132	21430	574	57
132	21430	574	229
132	21430	574	674
132	21430	574	36
132	21430	574	336
132	21430	574	34
132	21430	574	116
132	21430	574	23
132	21430	574	243
132	21430	574	322
23	20980	124	11
23	20980	124	136
23	20980	124	223
23	20980	124	271
23	20980	124	273
23	20980	124	111
23	20980	124	587
23	20980	124	243
23	20980	124	281
23	20980	124	398
164	21530	674	407
164	21530	674	229
164	21530	674	57
39	21080	174	122
39	21080	174	187
39	21080	174	243
39	21080	174	229
39	21080	174	106
39	21080	174	281
39	21080	174	97
39	21080	174	273
39	21080	174	503
39	21080	174	217
39	21080	174	855
39	21080	174	50
39	21080	174	307
39	21080	174	509
39	21080	174	265
39	21080	174	486
39	21080	174	393
39	21080	174	104
49	21130	224	229
49	21130	224	122
49	21130	224	97
49	21130	224	217
49	21130	224	243
49	21130	224	50
49	21130	224	588
49	21130	224	376
49	21130	224	95
49	21130	224	183
49	21130	224	357
49	21130	224	326
49	21130	224	365
60	21180	274	229
60	21180	274	50
60	21180	274	217
60	21180	274	376
60	21180	274	777
60	21180	274	243
60	21180	274	95
60	21180	274	773
60	21180	274	609
60	21180	274	408
60	21180	274	64
60	21180	274	253
60	21180	274	869
60	21180	274	17
30	21030	124	273
30	21030	124	11
30	21030	124	111
30	21030	124	223
30	21030	124	281
30	21030	124	106
30	21030	124	398
30	21030	124	503
72	21230	324	57
72	21230	324	229
72	21230	324	338
72	21230	324	18
72	21230	324	64
72	21230	324	95
72	21230	324	132
72	21230	324	100
72	21230	324	854
72	21230	324	737
72	21230	324	171
72	21230	324	554
16	20930	24	106
16	20930	24	243
16	20930	24	436
16	20930	24	111
16	20930	24	344
16	20930	24	516
16	20930	24	150
16	20930	24	11
85	21280	374	229
85	21280	374	18
85	21280	374	57
85	21280	374	243
85	21280	374	100
85	21280	374	71
85	21280	374	591
85	21280	374	95
85	21280	374	581
85	21280	374	586
85	21280	374	596
85	21280	374	557
85	21280	374	180
85	21280	374	132
85	21280	374	589
85	21280	374	345
85	21280	374	411
85	21280	374	94
85	21280	374	186
85	21280	374	684
85	21280	374	570
85	21280	374	212
85	21280	374	864
131	21430	524	229
131	21430	524	57
131	21430	524	34
131	21430	524	75
131	21430	524	36
131	21430	524	23
131	21430	524	553
131	21430	524	288
131	21430	524	322
131	21430	524	218
131	21430	524	865
131	21430	524	359
131	21430	524	876
131	21430	524	687
131	21430	524	860
131	21430	524	483
163	21530	624	57
163	21530	624	229
163	21530	624	407
163	21530	624	103
163	21530	624	2
163	21530	624	116
163	21530	624	813
163	21530	624	143
163	21530	624	695
163	21530	624	481
163	21530	624	625
163	21530	624	748
99	21330	424	57
99	21330	424	229
99	21330	424	6
99	21330	424	560
99	21330	424	71
99	21330	424	1
99	21330	424	618
99	21330	424	401
99	21330	424	798
99	21330	424	599
99	21330	424	300
99	21330	424	395
99	21330	424	463
99	21330	424	791
99	21330	424	411
99	21330	424	356
99	21330	424	410
99	21330	424	124
99	21330	424	506
99	21330	424	697
99	21330	424	144
114	21380	474	1
114	21380	474	667
114	21380	474	229
114	21380	474	57
114	21380	474	75
114	21380	474	628
114	21380	474	135
114	21380	474	126
114	21380	474	367
114	21380	474	610
114	21380	474	850
114	21380	474	678
114	21380	474	300
114	21380	474	599
114	21380	474	34
114	21380	474	301
114	21380	474	530
114	21380	474	81
114	21380	474	505
114	21380	474	787
114	21380	474	647
114	21380	474	141
147	21480	574	229
147	21480	574	116
147	21480	574	57
147	21480	574	36
147	21480	574	23
147	21480	574	322
147	21480	574	642
147	21480	574	532
147	21480	574	2
147	21480	574	546
147	21480	574	181
28	20980	74	243
28	20980	74	111
28	20980	74	11
28	20980	74	150
28	20980	74	398
28	20980	74	106
22	20980	24	11
22	20980	24	150
22	20980	24	106
22	20980	24	545
22	20980	24	358
22	20980	24	55
22	20980	24	682
38	21080	124	503
38	21080	124	106
38	21080	124	307
38	21080	124	265
38	21080	124	11
38	21080	124	486
38	21080	124	50
38	21080	124	138
38	21080	124	491
38	21080	124	724
38	21080	124	551
38	21080	124	17
38	21080	124	789
84	21280	324	100
84	21280	324	132
84	21280	324	812
84	21280	324	95
84	21280	324	142
84	21280	324	684
84	21280	324	94
84	21280	324	554
84	21280	324	171
84	21280	324	570
84	21280	324	672
84	21280	324	212
84	21280	324	476
84	21280	324	50
84	21280	324	115
84	21280	324	364
113	21380	424	300
113	21380	424	126
113	21380	424	463
113	21380	424	899
113	21380	424	1
113	21380	424	10
113	21380	424	867
113	21380	424	226
113	21380	424	81
113	21380	424	619
113	21380	424	647
113	21380	424	356
113	21380	424	506
113	21380	424	141
113	21380	424	6
113	21380	424	795
113	21380	424	461
113	21380	424	697
113	21380	424	144
113	21380	424	696
113	21380	424	793
113	21380	424	529
113	21380	424	861
113	21380	424	523
113	21380	424	84
113	21380	424	149
146	21480	524	322
146	21480	524	23
146	21480	524	642
146	21480	524	865
146	21480	524	237
146	21480	524	288
146	21480	524	75
146	21480	524	229
146	21480	524	876
146	21480	524	181
146	21480	524	117
146	21480	524	546
146	21480	524	483
146	21480	524	258
146	21480	524	165
146	21480	524	4
48	21130	174	217
48	21130	174	50
48	21130	174	509
48	21130	174	634
48	21130	174	537
48	21130	174	106
48	21130	174	357
48	21130	174	326
48	21130	174	889
48	21130	174	183
48	21130	174	393
48	21130	174	104
48	21130	174	724
48	21130	174	733
59	21180	224	97
59	21180	224	376
59	21180	224	50
59	21180	224	253
59	21180	224	183
59	21180	224	17
59	21180	224	365
59	21180	224	333
59	21180	224	869
59	21180	224	112
59	21180	224	268
59	21180	224	373
59	21180	224	66
71	21230	274	95
71	21230	274	64
71	21230	274	50
71	21230	274	737
71	21230	274	17
71	21230	274	284
71	21230	274	363
71	21230	274	253
98	21330	374	71
98	21330	374	180
98	21330	374	411
98	21330	374	798
98	21330	374	100
98	21330	374	6
98	21330	374	396
98	21330	374	186
98	21330	374	94
98	21330	374	124
98	21330	374	212
98	21330	374	115
98	21330	374	118
98	21330	374	144
98	21330	374	701
98	21330	374	529
98	21330	374	572
98	21330	374	424
98	21330	374	448
129	21430	474	34
129	21430	474	250
129	21430	474	75
129	21430	474	1
129	21430	474	530
129	21430	474	23
129	21430	474	301
129	21430	474	330
129	21430	474	126
129	21430	474	860
129	21430	474	598
129	21430	474	483
129	21430	474	320
129	21430	474	495
129	21430	474	258
129	21430	474	573
129	21430	474	550
129	21430	474	84
129	21430	474	117
129	21430	474	59
129	21430	474	858
129	21430	474	403
162	21530	574	229
162	21530	574	57
162	21530	574	116
162	21530	574	481
162	21530	574	103
162	21530	574	2
162	21530	574	546
162	21530	574	181
162	21530	574	3
162	21530	574	712
162	21530	574	748
162	21530	574	583
162	21530	574	258
162	21530	574	375
36	21030	74	11
36	21030	74	281
36	21030	74	106
36	21030	74	55
36	21030	74	296
177	21580	624	143
177	21580	624	2
177	21580	624	229
177	21580	624	258
45	21080	74	106
45	21080	74	11
45	21080	74	55
45	21080	74	491
45	21080	74	138
45	21080	74	340
45	21080	74	296
45	21080	74	551
45	21080	74	789
45	21080	74	730
47	21130	124	104
47	21130	124	50
47	21130	124	265
47	21130	124	106
47	21130	124	724
47	21130	124	733
47	21130	124	183
47	21130	124	789
47	21130	124	55
58	21180	174	183
58	21180	174	326
58	21180	174	50
58	21180	174	373
58	21180	174	253
58	21180	174	174
58	21180	174	268
58	21180	174	733
58	21180	174	17
58	21180	174	55
70	21230	224	50
70	21230	224	17
70	21230	224	253
70	21230	224	66
70	21230	224	268
70	21230	224	95
70	21230	224	183
83	21280	274	95
83	21280	274	50
83	21280	274	284
83	21280	274	542
83	21280	274	363
83	21280	274	758
83	21280	274	94
83	21280	274	129
83	21280	274	877
83	21280	274	287
83	21280	274	502
83	21280	274	743
83	21280	274	86
83	21280	274	303
97	21330	324	212
97	21330	324	94
97	21330	324	115
97	21330	324	144
97	21330	324	701
97	21330	324	529
97	21330	324	476
97	21330	324	572
97	21330	324	364
97	21330	324	901
97	21330	324	6
97	21330	324	404
97	21330	324	95
112	21380	374	144
112	21380	374	6
112	21380	374	793
112	21380	374	118
112	21380	374	529
112	21380	374	424
112	21380	374	523
112	21380	374	572
112	21380	374	1
112	21380	374	506
112	21380	374	149
112	21380	374	115
112	21380	374	820
112	21380	374	448
112	21380	374	30
112	21380	374	868
112	21380	374	166
112	21380	374	425
112	21380	374	402
112	21380	374	200
112	21380	374	540
112	21380	374	512
128	21430	424	126
128	21430	424	84
128	21430	424	446
128	21430	424	330
128	21430	424	529
128	21430	424	258
128	21430	424	59
128	21430	424	10
128	21430	424	149
128	21430	424	643
128	21430	424	335
128	21430	424	455
128	21430	424	888
128	21430	424	691
128	21430	424	693
128	21430	424	519
128	21430	424	306
128	21430	424	840
128	21430	424	442
144	21480	474	483
144	21480	474	23
144	21480	474	573
144	21480	474	117
144	21480	474	258
144	21480	474	59
144	21480	474	165
144	21480	474	858
144	21480	474	711
144	21480	474	41
144	21480	474	147
144	21480	474	127
144	21480	474	414
144	21480	474	235
144	21480	474	715
161	21530	524	546
161	21530	524	181
161	21530	524	258
161	21530	524	229
161	21530	524	237
161	21530	524	3
161	21530	524	489
161	21530	524	165
161	21530	524	184
161	21530	524	4
161	21530	524	725
161	21530	524	426
161	21530	524	375
161	21530	524	788
161	21530	524	65
161	21530	524	127
161	21530	524	384
161	21530	524	648
161	21530	524	651
161	21530	524	197
161	21530	524	726
176	21580	574	2
176	21580	574	258
176	21580	574	229
176	21580	574	3
176	21580	574	305
176	21580	574	60
176	21580	574	375
176	21580	574	347
176	21580	574	65
176	21580	574	744
176	21580	574	79
176	21580	574	244
176	21580	574	16
176	21580	574	759
176	21580	574	105
29	21030	24	106
29	21030	24	55
29	21030	24	296
57	21180	124	733
57	21180	124	106
57	21180	124	183
57	21180	124	55
82	21280	224	95
82	21280	224	50
82	21280	224	129
82	21280	224	502
82	21280	224	723
82	21280	224	303
82	21280	224	874
82	21280	224	86
111	21380	324	115
111	21380	324	6
111	21380	324	425
111	21380	324	30
111	21380	324	166
111	21380	324	482
111	21380	324	547
111	21380	324	95
111	21380	324	299
143	21480	424	59
143	21480	424	169
143	21480	424	323
143	21480	424	235
143	21480	424	41
143	21480	424	335
143	21480	424	147
143	21480	424	442
143	21480	424	721
143	21480	424	840
175	21580	524	3
175	21580	524	375
175	21580	524	229
175	21580	524	65
175	21580	524	16
175	21580	524	244
175	21580	524	162
175	21580	524	648
175	21580	524	651
175	21580	524	79
175	21580	524	324
175	21580	524	759
175	21580	524	9
175	21580	524	105
55	21130	74	106
55	21130	74	789
55	21130	74	55
69	21230	174	17
69	21230	174	50
69	21230	174	183
69	21230	174	174
69	21230	174	55
96	21330	274	94
96	21330	274	95
96	21330	274	115
96	21330	274	287
127	21430	374	149
127	21430	374	1
127	21430	374	84
127	21430	374	540
127	21430	374	59
127	21430	374	766
127	21430	374	888
127	21430	374	200
127	21430	374	823
127	21430	374	519
127	21430	374	694
127	21430	374	442
159	21530	474	165
159	21530	474	127
159	21530	474	4
159	21530	474	414
159	21530	474	384
159	21530	474	59
159	21530	474	147
159	21530	474	3
159	21530	474	499
37	21080	24	55
37	21080	24	106
46	21130	24	55
46	21130	24	106
46	21130	24	272
56	21180	24	106
56	21180	24	55
56	21180	24	272
56	21180	24	352
56	21180	24	204
56	21180	24	63
65	21180	74	55
65	21180	74	106
65	21180	74	63
76	21230	74	183
76	21230	74	55
76	21230	74	106
76	21230	74	95
76	21230	74	63
76	21230	74	776
68	21230	124	183
68	21230	124	55
68	21230	124	174
68	21230	124	50
68	21230	124	95
80	21280	124	183
80	21280	124	50
80	21280	124	55
80	21280	124	95
80	21280	124	133
81	21280	174	50
81	21280	174	95
94	21330	174	95
94	21330	174	303
94	21330	174	50
94	21330	174	53
94	21330	174	755
94	21330	174	437
94	21330	174	387
94	21330	174	193
95	21330	224	303
95	21330	224	95
95	21330	224	723
95	21330	224	874
95	21330	224	86
95	21330	224	743
95	21330	224	53
109	21380	224	95
109	21380	224	115
109	21380	224	53
109	21380	224	369
109	21380	224	810
109	21380	224	518
109	21380	224	845
109	21380	224	428
109	21380	224	534
110	21380	274	115
110	21380	274	95
110	21380	274	30
110	21380	274	482
110	21380	274	6
110	21380	274	299
110	21380	274	810
126	21430	324	30
126	21430	324	200
126	21430	324	1
126	21430	324	442
126	21430	324	166
126	21430	324	6
126	21430	324	402
126	21430	324	766
126	21430	324	823
126	21430	324	59
126	21430	324	452
126	21430	324	454
126	21430	324	453
126	21430	324	548
126	21430	324	115
126	21430	324	443
126	21430	324	95
126	21430	324	72
126	21430	324	585
141	21480	324	442
141	21480	324	59
141	21480	324	33
141	21480	324	519
141	21480	324	1
141	21480	324	443
141	21480	324	754
141	21480	324	585
141	21480	324	72
141	21480	324	210
141	21480	324	311
141	21480	324	764
142	21480	374	442
142	21480	374	840
142	21480	374	59
142	21480	374	519
142	21480	374	694
142	21480	374	306
142	21480	374	721
142	21480	374	169
142	21480	374	33
142	21480	374	638
142	21480	374	1
142	21480	374	698
142	21480	374	361
158	21530	424	127
158	21530	424	169
158	21530	424	41
158	21530	424	147
158	21530	424	715
158	21530	424	499
158	21530	424	44
158	21530	424	819
158	21530	424	259
173	21580	474	127
173	21580	474	3
173	21580	474	384
173	21580	474	197
173	21580	474	726
173	21580	474	324
173	21580	474	648
173	21580	474	9
173	21580	474	7
173	21580	474	488
173	21580	474	140
173	21580	474	584
125	21430	274	299
125	21430	274	6
125	21430	274	115
125	21430	274	166
125	21430	274	95
125	21430	274	452
125	21430	274	405
125	21430	274	717
125	21430	274	72
125	21430	274	810
125	21430	274	267
125	21430	274	371
125	21430	274	703
157	21530	374	169
157	21530	374	59
157	21530	374	41
157	21530	374	745
157	21530	374	44
157	21530	374	147
157	21530	374	721
157	21530	374	1
157	21530	374	248
157	21530	374	607
157	21530	374	698
157	21530	374	259
157	21530	374	605
157	21530	374	361
157	21530	374	33
157	21530	374	70
157	21530	374	194
157	21530	374	125
172	21580	424	127
172	21580	424	414
172	21580	424	384
172	21580	424	499
172	21580	424	7
172	21580	424	819
172	21580	424	147
172	21580	424	9
172	21580	424	44
172	21580	424	197
172	21580	424	584
172	21580	424	535
172	21580	424	706
172	21580	424	255
172	21580	424	42
172	21580	424	656
172	21580	424	114
186	21630	474	3
186	21630	474	16
186	21630	474	324
186	21630	474	9
186	21630	474	594
186	21630	474	105
186	21630	474	624
186	21630	474	140
186	21630	474	759
186	21630	474	660
186	21630	474	709
186	21630	474	584
186	21630	474	735
186	21630	474	233
186	21630	474	562
186	21630	474	677
186	21630	474	42
186	21630	474	782
186	21630	474	822
188	21630	524	3
188	21630	524	162
188	21630	524	16
188	21630	524	759
188	21630	524	105
188	21630	524	9
188	21630	524	709
199	21680	524	3
199	21680	524	105
199	21680	524	709
67	21230	24	55
67	21230	24	63
67	21230	24	204
67	21230	24	826
67	21230	24	95
67	21230	24	640
88	21280	74	55
88	21280	74	95
88	21280	74	133
88	21280	74	641
93	21330	124	50
93	21330	124	95
93	21330	124	413
93	21330	124	32
93	21330	124	387
93	21330	124	55
93	21330	124	775
93	21330	124	381
93	21330	124	193
108	21380	174	95
108	21380	174	53
108	21380	174	193
108	21380	174	769
108	21380	174	199
124	21430	224	810
124	21430	224	95
124	21430	224	371
124	21430	224	845
124	21430	224	267
124	21430	224	35
124	21430	224	534
124	21430	224	569
140	21480	274	72
140	21480	274	443
140	21480	274	1
140	21480	274	95
140	21480	274	764
140	21480	274	429
140	21480	274	267
140	21480	274	378
140	21480	274	703
140	21480	274	33
140	21480	274	175
140	21480	274	12
140	21480	274	848
156	21530	324	1
156	21530	324	361
156	21530	324	33
156	21530	324	311
156	21530	324	210
156	21530	324	194
156	21530	324	622
156	21530	324	70
156	21530	324	167
156	21530	324	464
156	21530	324	368
156	21530	324	130
156	21530	324	736
156	21530	324	768
171	21580	374	147
171	21580	374	44
171	21580	374	9
171	21580	374	125
171	21580	374	114
171	21580	374	70
171	21580	374	7
171	21580	374	1
171	21580	374	825
171	21580	374	511
171	21580	374	179
171	21580	374	22
185	21630	424	9
185	21630	424	140
185	21630	424	786
185	21630	424	706
185	21630	424	656
185	21630	424	233
185	21630	424	42
185	21630	424	497
185	21630	424	556
185	21630	424	782
185	21630	424	7
185	21630	424	562
185	21630	424	654
185	21630	424	392
185	21630	424	478
185	21630	424	666
185	21630	424	327
185	21630	424	659
185	21630	424	192
185	21630	424	328
185	21630	424	658
185	21630	424	362
185	21630	424	620
197	21680	474	3
197	21680	474	105
197	21680	474	233
197	21680	474	343
197	21680	474	370
197	21680	474	559
197	21680	474	42
197	21680	474	164
197	21680	474	314
197	21680	474	822
197	21680	474	372
197	21680	474	246
197	21680	474	152
197	21680	474	794
197	21680	474	526
197	21680	474	720
197	21680	474	313
197	21680	474	555
197	21680	474	280
79	21280	24	55
79	21280	24	95
79	21280	24	843
79	21280	24	640
79	21280	24	641
107	21380	124	193
107	21380	124	95
107	21380	124	775
107	21380	124	769
107	21380	124	739
107	21380	124	202
139	21480	224	95
139	21480	224	569
139	21480	224	72
139	21480	224	35
139	21480	224	175
139	21480	224	844
139	21480	224	353
139	21480	224	121
139	21480	224	12
139	21480	224	602
139	21480	224	269
139	21480	224	485
139	21480	224	1
170	21580	324	1
170	21580	324	44
170	21580	324	125
170	21580	324	167
170	21580	324	130
170	21580	324	67
170	21580	324	22
170	21580	324	768
170	21580	324	179
170	21580	324	9
170	21580	324	807
170	21580	324	435
170	21580	324	504
196	21680	424	42
196	21680	424	822
196	21680	424	478
196	21680	424	246
196	21680	424	3
196	21680	424	372
196	21680	424	438
196	21680	424	192
196	21680	424	658
196	21680	424	528
196	21680	424	280
196	21680	424	837
196	21680	424	313
196	21680	424	362
196	21680	424	646
196	21680	424	612
196	21680	424	803
196	21680	424	878
196	21680	424	350
196	21680	424	892
196	21680	424	249
101	21330	74	95
101	21330	74	55
101	21330	74	381
101	21330	74	641
101	21330	74	379
123	21430	174	95
123	21430	174	534
123	21430	174	193
123	21430	174	35
123	21430	174	199
155	21530	274	1
155	21530	274	33
155	21530	274	443
155	21530	274	700
155	21530	274	736
155	21530	274	72
155	21530	274	12
155	21530	274	160
155	21530	274	768
155	21530	274	734
184	21630	374	9
184	21630	374	7
184	21630	374	114
184	21630	374	511
184	21630	374	327
184	21630	374	806
184	21630	374	179
184	21630	374	192
184	21630	374	22
184	21630	374	362
184	21630	374	620
184	21630	374	771
184	21630	374	601
184	21630	374	870
184	21630	374	228
184	21630	374	630
208	21730	474	3
208	21730	474	555
208	21730	474	280
208	21730	474	313
208	21730	474	498
208	21730	474	42
208	21730	474	751
92	21330	24	95
92	21330	24	55
92	21330	24	379
92	21330	24	692
92	21330	24	406
115	21380	74	95
115	21380	74	193
115	21380	74	379
115	21380	74	202
115	21380	74	55
122	21430	124	95
122	21430	124	199
122	21430	124	193
122	21430	124	202
122	21430	124	128
122	21430	124	49
122	21430	124	513
122	21430	124	382
138	21480	174	35
138	21480	174	95
138	21480	174	351
138	21480	174	199
138	21480	174	513
138	21480	174	121
138	21480	174	1
138	21480	174	650
138	21480	174	857
138	21480	174	652
138	21480	174	49
138	21480	174	399
154	21530	224	12
154	21530	224	72
154	21530	224	1
154	21530	224	121
154	21530	224	485
154	21530	224	35
154	21530	224	422
154	21530	224	734
154	21530	224	883
154	21530	224	134
154	21530	224	190
154	21530	224	690
169	21580	274	1
169	21580	274	768
169	21580	274	72
169	21580	274	283
169	21580	274	67
169	21580	274	504
169	21580	274	734
169	21580	274	163
169	21580	274	51
169	21580	274	38
169	21580	274	154
183	21630	324	9
183	21630	324	179
183	21630	324	22
183	21630	324	228
183	21630	324	670
183	21630	324	504
183	21630	324	630
183	21630	324	67
183	21630	324	45
183	21630	324	1
183	21630	324	496
183	21630	324	603
183	21630	324	158
195	21680	374	362
195	21680	374	192
195	21680	374	620
195	21680	374	831
195	21680	374	771
195	21680	374	234
195	21680	374	713
195	21680	374	22
195	21680	374	830
195	21680	374	113
195	21680	374	178
195	21680	374	630
195	21680	374	249
195	21680	374	13
195	21680	374	884
195	21680	374	216
207	21730	424	313
207	21730	424	42
207	21730	424	280
207	21730	424	498
207	21730	424	168
207	21730	424	803
207	21730	424	751
207	21730	424	781
207	21730	424	13
207	21730	424	192
207	21730	424	521
207	21730	424	341
207	21730	424	742
207	21730	424	249
207	21730	424	92
207	21730	424	178
207	21730	424	617
207	21730	424	145
207	21730	424	686
207	21730	424	565
207	21730	424	852
207	21730	424	439
106	21380	24	55
106	21380	24	95
106	21380	24	406
106	21380	24	564
106	21380	24	382
137	21480	124	199
137	21480	124	95
137	21480	124	513
137	21480	124	49
137	21480	124	650
137	21480	124	382
137	21480	124	399
137	21480	124	649
168	21580	224	734
168	21580	224	1
168	21580	224	51
168	21580	224	72
168	21580	224	190
168	21580	224	38
168	21580	224	690
168	21580	224	185
194	21680	324	228
194	21680	324	22
194	21680	324	158
194	21680	324	13
194	21680	324	828
194	21680	324	216
194	21680	324	222
194	21680	324	836
194	21680	324	74
194	21680	324	750
194	21680	324	220
130	21430	74	202
130	21430	74	95
130	21430	74	382
130	21430	74	636
130	21430	74	55
130	21430	74	49
130	21430	74	564
153	21530	174	1
153	21530	174	35
153	21530	174	652
153	21530	174	134
153	21530	174	704
153	21530	174	95
153	21530	174	399
153	21530	174	49
153	21530	174	51
153	21530	174	230
153	21530	174	383
182	21630	274	1
182	21630	274	67
182	21630	274	154
182	21630	274	603
182	21630	274	45
182	21630	274	274
182	21630	274	22
182	21630	274	38
182	21630	274	222
182	21630	274	321
182	21630	274	417
206	21730	374	249
206	21730	374	192
206	21730	374	178
206	21730	374	145
206	21730	374	13
206	21730	374	92
206	21730	374	686
206	21730	374	78
206	21730	374	439
206	21730	374	216
206	21730	374	635
206	21730	374	881
206	21730	374	87
206	21730	374	236
206	21730	374	27
206	21730	374	885
206	21730	374	664
217	21780	424	92
217	21780	424	13
217	21780	424	617
217	21780	424	824
121	21430	24	55
121	21430	24	95
121	21430	24	564
121	21430	24	382
121	21430	24	783
145	21480	74	49
145	21480	74	382
145	21480	74	649
145	21480	74	331
145	21480	74	765
145	21480	74	689
145	21480	74	153
145	21480	74	46
152	21530	124	49
152	21530	124	399
152	21530	124	95
152	21530	124	46
152	21530	124	35
152	21530	124	28
152	21530	124	82
167	21580	174	1
167	21580	174	51
167	21580	174	230
167	21580	174	35
167	21580	174	383
167	21580	174	89
167	21580	174	49
167	21580	174	28
167	21580	174	46
167	21580	174	209
181	21630	224	38
181	21630	224	51
181	21630	224	419
181	21630	224	22
181	21630	224	321
181	21630	224	185
181	21630	224	222
181	21630	224	285
181	21630	224	890
181	21630	224	829
181	21630	224	5
193	21680	274	22
193	21680	274	222
193	21680	274	417
193	21680	274	220
193	21680	274	750
193	21680	274	5
193	21680	274	665
193	21680	274	264
193	21680	274	191
205	21730	324	216
205	21730	324	13
205	21730	324	78
205	21730	324	74
205	21730	324	222
205	21730	324	27
205	21730	324	664
205	21730	324	22
205	21730	324	750
205	21730	324	671
205	21730	324	441
205	21730	324	471
205	21730	324	882
205	21730	324	507
205	21730	324	308
216	21780	374	92
216	21780	374	13
216	21780	374	824
216	21780	374	87
216	21780	374	538
216	21780	374	879
216	21780	374	236
216	21780	374	27
216	21780	374	490
216	21780	374	256
216	21780	374	887
216	21780	374	262
216	21780	374	838
216	21780	374	191
216	21780	374	342
216	21780	374	270
216	21780	374	627
216	21780	374	420
136	21480	24	382
136	21480	24	783
136	21480	24	765
136	21480	24	155
136	21480	24	153
136	21480	24	49
136	21480	24	834
136	21480	24	842
136	21480	24	211
166	21580	124	49
166	21580	124	28
166	21580	124	577
166	21580	124	209
166	21580	124	82
166	21580	124	46
166	21580	124	242
166	21580	124	525
166	21580	124	389
166	21580	124	51
166	21580	124	215
166	21580	124	563
192	21680	224	222
192	21680	224	22
192	21680	224	5
192	21680	224	514
192	21680	224	191
192	21680	224	444
215	21780	324	13
215	21780	324	441
215	21780	324	887
215	21780	324	471
215	21780	324	161
215	21780	324	838
215	21780	324	27
215	21780	324	627
215	21780	324	342
215	21780	324	191
215	21780	324	886
215	21780	324	222
215	21780	324	277
215	21780	324	308
215	21780	324	779
215	21780	324	420
215	21780	324	645
215	21780	324	494
215	21780	324	276
215	21780	324	440
215	21780	324	332
160	21530	74	49
160	21530	74	46
160	21530	74	563
160	21530	74	808
160	21530	74	459
180	21630	174	51
180	21630	174	285
180	21630	174	230
180	21630	174	222
180	21630	174	702
180	21630	174	46
180	21630	174	5
180	21630	174	93
204	21730	274	220
204	21730	274	750
204	21730	274	222
204	21730	274	671
204	21730	274	665
204	21730	274	264
204	21730	274	520
204	21730	274	308
204	21730	274	5
204	21730	274	191
204	21730	274	423
204	21730	274	762
204	21730	274	805
225	21830	374	191
225	21830	374	270
225	21830	374	420
225	21830	374	590
151	21530	24	49
151	21530	24	46
151	21530	24	211
151	21530	24	155
151	21530	24	459
151	21530	24	544
174	21580	74	46
174	21580	74	82
174	21580	74	563
174	21580	74	808
174	21580	74	459
174	21580	74	201
174	21580	74	123
174	21580	74	673
179	21630	124	46
179	21630	124	389
179	21630	124	51
179	21630	124	215
179	21630	124	82
179	21630	124	93
179	21630	124	251
179	21630	124	302
191	21680	174	5
191	21680	174	222
191	21680	174	93
191	21680	174	252
191	21680	174	51
191	21680	174	444
203	21730	224	191
203	21730	224	5
203	21730	224	444
203	21730	224	522
203	21730	224	582
214	21780	274	308
214	21780	274	762
214	21780	274	191
214	21780	274	276
214	21780	274	27
214	21780	274	668
214	21780	274	170
214	21780	274	856
214	21780	274	708
214	21780	274	386
224	21830	324	420
224	21830	324	191
224	21830	324	494
224	21830	324	590
224	21830	324	27
224	21830	324	13
224	21830	324	800
224	21830	324	332
224	21830	324	549
224	21830	324	633
224	21830	324	796
165	21580	24	46
165	21580	24	459
165	21580	24	544
165	21580	24	123
190	21680	124	93
190	21680	124	252
190	21680	124	251
190	21680	124	51
190	21680	124	91
190	21680	124	46
190	21680	124	318
190	21680	124	99
213	21780	224	191
213	21780	224	5
213	21780	224	170
213	21780	224	386
213	21780	224	898
213	21780	224	891
213	21780	224	232
213	21780	224	862
213	21780	224	275
187	21630	74	46
187	21630	74	123
187	21630	74	390
187	21630	74	302
187	21630	74	51
187	21630	74	207
187	21630	74	778
202	21730	174	5
202	21730	174	444
202	21730	174	252
202	21730	174	191
202	21730	174	99
223	21830	274	27
223	21830	274	191
223	21830	274	332
223	21830	274	708
223	21830	274	796
223	21830	274	386
223	21830	274	173
223	21830	274	77
223	21830	274	5
232	21880	324	191
232	21880	324	173
178	21630	24	123
178	21630	24	46
178	21630	24	182
198	21680	74	51
198	21680	74	302
198	21680	74	91
198	21680	74	778
198	21680	74	207
198	21680	74	552
198	21680	74	46
198	21680	74	99
198	21680	74	89
198	21680	74	182
201	21730	124	252
201	21730	124	51
201	21730	124	318
201	21730	124	99
201	21730	124	89
212	21780	174	5
212	21780	174	99
212	21780	174	191
212	21780	174	275
212	21780	174	891
212	21780	174	862
212	21780	174	252
212	21780	174	110
222	21830	224	191
222	21830	224	386
222	21830	224	5
222	21830	224	232
222	21830	224	205
231	21880	274	191
231	21880	274	173
231	21880	274	77
231	21880	274	54
231	21880	274	27
231	21880	274	669
231	21880	274	334
231	21880	274	626
231	21880	274	623
231	21880	274	5
231	21880	274	198
231	21880	274	110
189	21680	24	46
189	21680	24	182
189	21680	24	89
189	21680	24	196
189	21680	24	214
189	21680	24	225
189	21680	24	738
189	21680	24	676
211	21780	124	252
211	21780	124	99
211	21780	124	5
211	21780	124	289
211	21780	124	110
211	21780	124	89
211	21780	124	416
211	21780	124	474
230	21880	224	5
230	21880	224	191
230	21880	224	110
230	21880	224	198
230	21880	224	434
209	21730	74	51
209	21730	74	99
209	21730	74	89
209	21730	74	279
209	21730	74	675
221	21830	174	191
221	21830	174	5
221	21830	174	752
221	21830	174	110
221	21830	174	833
221	21830	174	266
221	21830	174	792
221	21830	174	460
221	21830	174	416
221	21830	174	348
238	21930	274	198
238	21930	274	110
200	21730	24	89
200	21730	24	196
200	21730	24	675
200	21730	24	676
200	21730	24	688
200	21730	24	51
218	21780	74	89
218	21780	74	99
218	21780	74	279
218	21780	74	474
218	21780	74	5
218	21780	74	688
218	21780	74	88
220	21830	124	110
220	21830	124	416
220	21830	124	5
220	21830	124	99
220	21830	124	348
220	21830	124	501
220	21830	124	294
220	21830	124	21
220	21830	124	479
229	21880	174	5
229	21880	174	110
229	21880	174	261
229	21880	174	880
229	21880	174	445
229	21880	174	348
229	21880	174	21
229	21880	174	875
229	21880	174	639
229	21880	174	418
229	21880	174	241
237	21930	224	110
237	21930	224	198
237	21930	224	434
237	21930	224	5
210	21780	24	89
210	21780	24	688
210	21780	24	88
210	21780	24	354
210	21780	24	263
228	21880	124	348
228	21880	124	110
228	21880	124	21
228	21880	124	639
228	21880	124	479
228	21880	124	241
228	21880	124	88
228	21880	124	871
228	21880	124	99
226	21830	74	5
226	21830	74	99
226	21830	74	474
226	21830	74	501
226	21830	74	88
226	21830	74	89
226	21830	74	479
226	21830	74	348
236	21930	174	5
236	21930	174	110
236	21930	174	821
236	21930	174	418
236	21930	174	260
236	21930	174	119
236	21930	174	241
236	21930	174	434
236	21930	174	21
236	21930	174	85
236	21930	174	52
243	21980	224	434
243	21980	224	110
219	21830	24	88
219	21830	24	89
219	21830	24	99
219	21830	24	263
219	21830	24	339
219	21830	24	679
233	21880	74	479
233	21880	74	348
233	21880	74	21
233	21880	74	5
233	21880	74	99
233	21880	74	88
233	21880	74	146
233	21880	74	710
235	21930	124	241
235	21930	124	21
235	21930	124	52
235	21930	124	871
235	21930	124	85
235	21930	124	99
235	21930	124	433
242	21980	174	434
242	21980	174	110
242	21980	174	21
242	21980	174	85
242	21980	174	240
227	21880	24	88
227	21880	24	99
227	21880	24	146
227	21880	24	710
227	21880	24	263
227	21880	24	679
227	21880	24	107
241	21980	124	21
241	21980	124	85
241	21980	124	52
241	21980	124	99
241	21980	124	240
239	21930	74	21
239	21930	74	99
239	21930	74	146
239	21930	74	52
239	21930	74	430
239	21930	74	851
239	21930	74	176
239	21930	74	39
247	22030	174	21
247	22030	174	240
234	21930	24	146
234	21930	24	99
234	21930	24	39
234	21930	24	176
234	21930	24	310
244	21980	74	99
244	21980	74	52
244	21980	74	851
244	21980	74	21
244	21980	74	176
244	21980	74	310
246	22030	124	21
246	22030	124	240
246	22030	124	219
246	22030	124	52
246	22030	124	19
240	21980	24	176
240	21980	24	39
240	21980	24	99
240	21980	24	146
240	21980	24	310
240	21980	24	52
240	21980	24	655
240	21980	24	37
240	21980	24	391
240	21980	24	466
248	22030	74	21
248	22030	74	99
248	22030	74	19
248	22030	74	26
248	22030	74	37
248	22030	74	631
250	22080	124	19
245	22030	24	99
245	22030	24	146
245	22030	24	21
245	22030	24	37
245	22030	24	631
245	22030	24	26
245	22030	24	477
251	22080	74	19
251	22080	74	21
251	22080	74	26
251	22080	74	282
251	22080	74	146
249	22080	24	21
249	22080	24	146
249	22080	24	26
249	22080	24	415
249	22080	24	477
249	22080	24	312
249	22080	24	282
249	22080	24	19
249	22080	24	473
253	22130	74	19
253	22130	74	282
252	22130	24	282
252	22130	24	19
252	22130	24	312
252	22130	24	473
252	22130	24	139
254	22180	24	19
254	22180	24	139
