group	fill	clickSelects
1	#FFFFFF	50
2	#FFFFFF	50
3	#FFFFFF	50
4	#FFFFFF	50
5	#FFFFFF	50
6	#FFFFFF	50
7	#FFFFFF	50
8	#FFFFFF	50
9	#FFFFFF	50
10	#FFFFFF	106
11	#FFFFFF	106
12	#FFFFFF	106
13	#FFFFFF	106
14	#FFFFFF	50
15	#FFFFFF	106
16	#FFFFFF	106
17	#FFFFFF	106
18	#FFFFFF	106
19	#FFFFFF	106
20	#FFFFFF	106
21	#FFFFFF	106
22	#FFFFFF	50
23	#FFFFFF	50
24	#FFFFFF	50
25	#FFFFFF	50
26	#FFFFFF	509
27	#FFFFFF	509
28	#FFFFFF	509
29	#FFFFFF	50
31	#FFFFFF	50
32	#FFFFFF	50
33	#FFFFFF	50
34	#FFFFFF	217
35	#FFFFFF	217
36	#FFFFFF	50
37	#FFFFFF	217
39	#FFFFFF	217
40	#FFFFFF	217
41	#FFFFFF	217
42	#FFFFFF	217
43	#FFFFFF	217
44	#FFFFFF	217
45	#FFFFFF	217
46	#FFFFFF	50
47	#FFFFFF	50
48	#FFFFFF	50
49	#FFFFFF	50
50	#FFFFFF	50
52	#FFFFFF	50
53	#FFFFFF	50
54	#FFFFFF	50
55	#FFFFFF	50
56	#FFFFFF	50
57	#FFFFFF	50
58	#FFFFFF	106
59	#FFFFFF	50
60	#FFFFFF	106
61	#FFFFFF	106
62	#FFFFFF	106
63	#FFFFFF	106
64	#FFFFFF	50
65	#FFFFFF	106
66	#FFFFFF	106
67	#FFFFFF	106
68	#FFFFFF	106
69	#FFFFFF	106
70	#FFFFFF	106
71	#FFFFFF	106
72	#FFFFFF	106
73	#FFFFFF	50
74	#FFFFFF	50
75	#FFFFFF	50
76	#FFFFFF	50
77	#FFFFFF	50
78	#FFFFFF	50
79	#FFFFFF	509
81	#FFFFFF	50
82	#FFFFFF	50
83	#FFFFFF	50
84	#FFFFFF	217
85	#FFFFFF	217
86	#FFFFFF	50
87	#FFFFFF	50
89	#FFFFFF	217
90	#FFFFFF	217
91	#FFFFFF	217
92	#FFFFFF	217
93	#FFFFFF	217
94	#FFFFFF	217
95	#FFFFFF	217
97	#FFFFFF	50
98	#FFFFFF	50
99	#FFFFFF	50
100	#FFFFFF	50
101	#FFFFFF	50
102	#FFFFFF	50
103	#FFFFFF	50
104	#FFFFFF	50
105	#FFFFFF	106
106	#FFFFFF	50
108	#FFFFFF	50
109	#FFFFFF	106
110	#FFFFFF	50
111	#FFFFFF	106
112	#FFFFFF	106
113	#FFFFFF	106
114	#FFFFFF	106
115	#FFFFFF	50
116	#FFFFFF	106
117	#FFFFFF	106
118	#FFFFFF	106
119	#FFFFFF	106
120	#FFFFFF	106
121	#FFFFFF	106
122	#FFFFFF	106
123	#FFFFFF	50
124	#FFFFFF	50
125	#FFFFFF	50
126	#FFFFFF	50
127	#FFFFFF	50
128	#FFFFFF	50
129	#FFFFFF	50
131	#FFFFFF	50
132	#FFFFFF	50
133	#FFFFFF	50
134	#FFFFFF	50
135	#FFFFFF	50
136	#FFFFFF	50
138	#FFFFFF	217
139	#FFFFFF	217
140	#FFFFFF	217
141	#FFFFFF	217
142	#FFFFFF	217
143	#FFFFFF	217
144	#FFFFFF	217
145	#FFFFFF	217
146	#FFFFFF	217
147	#FFFFFF	50
148	#FFFFFF	50
149	#FFFFFF	50
150	#FFFFFF	50
151	#FFFFFF	50
153	#FFFFFF	265
154	#FFFFFF	307
155	#FFFFFF	265
157	#FFFFFF	106
158	#FFFFFF	106
159	#FFFFFF	106
160	#FFFFFF	106
161	#FFFFFF	106
162	#FFFFFF	106
163	#FFFFFF	106
164	#FFFFFF	106
165	#FFFFFF	307
166	#FFFFFF	106
167	#FFFFFF	106
168	#FFFFFF	106
169	#FFFFFF	106
170	#FFFFFF	106
172	#FFFFFF	855
173	#FFFFFF	50
174	#FFFFFF	50
175	#FFFFFF	50
176	#FFFFFF	265
177	#FFFFFF	855
178	#FFFFFF	50
179	#FFFFFF	50
180	#FFFFFF	50
181	#FFFFFF	50
182	#FFFFFF	50
183	#FFFFFF	855
184	#FFFFFF	855
185	#FFFFFF	855
186	#FFFFFF	97
187	#FFFFFF	265
188	#FFFFFF	97
189	#FFFFFF	97
190	#FFFFFF	97
191	#FFFFFF	97
192	#FFFFFF	97
193	#FFFFFF	97
194	#FFFFFF	97
195	#FFFFFF	97
196	#FFFFFF	97
198	#FFFFFF	265
199	#FFFFFF	307
200	#FFFFFF	265
201	#FFFFFF	265
202	#FFFFFF	307
203	#FFFFFF	265
204	#FFFFFF	307
205	#FFFFFF	307
206	#FFFFFF	265
207	#FFFFFF	265
208	#FFFFFF	106
209	#FFFFFF	307
210	#FFFFFF	106
211	#FFFFFF	106
212	#FFFFFF	106
213	#FFFFFF	106
214	#FFFFFF	106
215	#FFFFFF	106
216	#FFFFFF	265
217	#FFFFFF	106
218	#FFFFFF	106
219	#FFFFFF	106
220	#FFFFFF	106
221	#FFFFFF	50
222	#FFFFFF	855
223	#FFFFFF	50
224	#FFFFFF	50
225	#FFFFFF	50
226	#FFFFFF	50
227	#FFFFFF	307
228	#FFFFFF	50
229	#FFFFFF	50
230	#FFFFFF	50
231	#FFFFFF	50
232	#FFFFFF	50
233	#FFFFFF	50
234	#FFFFFF	855
235	#FFFFFF	855
236	#FFFFFF	97
237	#FFFFFF	97
238	#FFFFFF	265
239	#FFFFFF	97
240	#FFFFFF	97
241	#FFFFFF	97
242	#FFFFFF	97
243	#FFFFFF	97
244	#FFFFFF	97
245	#FFFFFF	97
246	#FFFFFF	97
247	#FFFFFF	97
248	#FFFFFF	265
249	#FFFFFF	307
250	#FFFFFF	307
251	#FFFFFF	307
254	#FFFFFF	265
255	#FFFFFF	265
256	#FFFFFF	265
257	#FFFFFF	265
258	#FFFFFF	106
259	#FFFFFF	307
260	#FFFFFF	106
261	#FFFFFF	106
262	#FFFFFF	106
263	#FFFFFF	106
264	#FFFFFF	106
265	#FFFFFF	106
266	#FFFFFF	307
267	#FFFFFF	106
268	#FFFFFF	106
269	#FFFFFF	106
270	#FFFFFF	106
272	#FFFFFF	855
273	#FFFFFF	855
274	#FFFFFF	855
275	#FFFFFF	50
276	#FFFFFF	855
277	#FFFFFF	307
278	#FFFFFF	50
279	#FFFFFF	50
280	#FFFFFF	50
281	#FFFFFF	50
282	#FFFFFF	50
283	#FFFFFF	50
284	#FFFFFF	855
285	#FFFFFF	855
286	#FFFFFF	855
287	#FFFFFF	97
288	#FFFFFF	265
289	#FFFFFF	97
290	#FFFFFF	97
291	#FFFFFF	97
292	#FFFFFF	97
293	#FFFFFF	97
294	#FFFFFF	97
295	#FFFFFF	97
296	#FFFFFF	97
297	#FFFFFF	97
299	#FFFFFF	265
300	#FFFFFF	307
301	#FFFFFF	307
302	#FFFFFF	307
303	#FFFFFF	265
304	#FFFFFF	265
305	#FFFFFF	265
306	#FFFFFF	307
307	#FFFFFF	265
308	#FFFFFF	265
309	#FFFFFF	106
310	#FFFFFF	307
311	#FFFFFF	307
312	#FFFFFF	106
313	#FFFFFF	106
314	#FFFFFF	106
315	#FFFFFF	106
316	#FFFFFF	106
317	#FFFFFF	307
318	#FFFFFF	106
319	#FFFFFF	106
320	#FFFFFF	106
322	#FFFFFF	855
323	#FFFFFF	855
324	#FFFFFF	855
325	#FFFFFF	855
326	#FFFFFF	855
327	#FFFFFF	50
328	#FFFFFF	307
329	#FFFFFF	50
330	#FFFFFF	50
331	#FFFFFF	50
332	#FFFFFF	50
333	#FFFFFF	855
334	#FFFFFF	855
335	#FFFFFF	97
336	#FFFFFF	855
337	#FFFFFF	855
338	#FFFFFF	97
339	#FFFFFF	265
340	#FFFFFF	97
341	#FFFFFF	97
342	#FFFFFF	97
343	#FFFFFF	97
344	#FFFFFF	97
345	#FFFFFF	97
346	#FFFFFF	97
347	#FFFFFF	97
348	#FFFFFF	97
349	#FFFFFF	265
350	#FFFFFF	307
351	#FFFFFF	307
352	#FFFFFF	307
353	#FFFFFF	307
355	#FFFFFF	265
356	#FFFFFF	307
357	#FFFFFF	307
358	#FFFFFF	265
359	#FFFFFF	307
360	#FFFFFF	307
361	#FFFFFF	307
362	#FFFFFF	106
363	#FFFFFF	106
364	#FFFFFF	106
365	#FFFFFF	106
366	#FFFFFF	106
367	#FFFFFF	307
368	#FFFFFF	106
369	#FFFFFF	106
370	#FFFFFF	106
372	#FFFFFF	106
373	#FFFFFF	855
374	#FFFFFF	855
375	#FFFFFF	855
376	#FFFFFF	855
377	#FFFFFF	855
378	#FFFFFF	307
379	#FFFFFF	855
380	#FFFFFF	50
381	#FFFFFF	50
382	#FFFFFF	50
383	#FFFFFF	855
384	#FFFFFF	855
385	#FFFFFF	97
386	#FFFFFF	855
387	#FFFFFF	855
388	#FFFFFF	855
389	#FFFFFF	307
390	#FFFFFF	97
391	#FFFFFF	97
392	#FFFFFF	97
393	#FFFFFF	97
394	#FFFFFF	97
395	#FFFFFF	97
396	#FFFFFF	97
397	#FFFFFF	97
398	#FFFFFF	97
400	#FFFFFF	307
401	#FFFFFF	307
402	#FFFFFF	307
403	#FFFFFF	307
404	#FFFFFF	307
405	#FFFFFF	265
406	#FFFFFF	307
407	#FFFFFF	265
408	#FFFFFF	265
409	#FFFFFF	307
410	#FFFFFF	307
411	#FFFFFF	307
412	#FFFFFF	307
413	#FFFFFF	106
414	#FFFFFF	106
415	#FFFFFF	106
416	#FFFFFF	106
417	#FFFFFF	106
418	#FFFFFF	307
419	#FFFFFF	106
420	#FFFFFF	106
422	#FFFFFF	106
423	#FFFFFF	855
424	#FFFFFF	855
425	#FFFFFF	855
426	#FFFFFF	855
427	#FFFFFF	855
428	#FFFFFF	855
429	#FFFFFF	307
430	#FFFFFF	50
431	#FFFFFF	50
432	#FFFFFF	50
433	#FFFFFF	50
434	#FFFFFF	855
435	#FFFFFF	855
436	#FFFFFF	97
437	#FFFFFF	855
438	#FFFFFF	97
439	#FFFFFF	97
440	#FFFFFF	307
441	#FFFFFF	97
442	#FFFFFF	97
443	#FFFFFF	97
444	#FFFFFF	97
445	#FFFFFF	97
446	#FFFFFF	97
447	#FFFFFF	97
448	#FFFFFF	97
449	#FFFFFF	97
450	#FFFFFF	307
451	#FFFFFF	307
452	#FFFFFF	265
453	#FFFFFF	265
454	#FFFFFF	307
456	#FFFFFF	307
457	#FFFFFF	265
458	#FFFFFF	265
459	#FFFFFF	307
460	#FFFFFF	106
461	#FFFFFF	106
462	#FFFFFF	106
463	#FFFFFF	106
464	#FFFFFF	106
465	#FFFFFF	106
466	#FFFFFF	106
467	#FFFFFF	106
468	#FFFFFF	265
469	#FFFFFF	106
470	#FFFFFF	106
472	#FFFFFF	106
473	#FFFFFF	106
474	#FFFFFF	106
475	#FFFFFF	855
476	#FFFFFF	855
477	#FFFFFF	855
478	#FFFFFF	855
479	#FFFFFF	307
480	#FFFFFF	50
481	#FFFFFF	50
482	#FFFFFF	50
483	#FFFFFF	50
484	#FFFFFF	855
485	#FFFFFF	855
486	#FFFFFF	97
487	#FFFFFF	97
488	#FFFFFF	97
489	#FFFFFF	97
490	#FFFFFF	307
491	#FFFFFF	97
492	#FFFFFF	97
493	#FFFFFF	97
494	#FFFFFF	97
495	#FFFFFF	97
496	#FFFFFF	97
497	#FFFFFF	97
498	#FFFFFF	97
499	#FFFFFF	97
501	#FFFFFF	307
502	#FFFFFF	307
503	#FFFFFF	265
504	#FFFFFF	265
505	#FFFFFF	307
506	#FFFFFF	265
507	#FFFFFF	307
508	#FFFFFF	265
509	#FFFFFF	307
510	#FFFFFF	106
511	#FFFFFF	106
512	#FFFFFF	106
513	#FFFFFF	106
514	#FFFFFF	106
515	#FFFFFF	106
516	#FFFFFF	106
517	#FFFFFF	106
518	#FFFFFF	106
519	#FFFFFF	265
520	#FFFFFF	106
522	#FFFFFF	106
523	#FFFFFF	106
524	#FFFFFF	106
525	#FFFFFF	855
526	#FFFFFF	855
527	#FFFFFF	855
528	#FFFFFF	855
529	#FFFFFF	50
530	#FFFFFF	307
531	#FFFFFF	50
532	#FFFFFF	50
533	#FFFFFF	50
534	#FFFFFF	855
535	#FFFFFF	855
536	#FFFFFF	97
537	#FFFFFF	97
538	#FFFFFF	97
539	#FFFFFF	97
540	#FFFFFF	97
541	#FFFFFF	307
542	#FFFFFF	97
543	#FFFFFF	97
544	#FFFFFF	97
545	#FFFFFF	97
546	#FFFFFF	97
547	#FFFFFF	97
548	#FFFFFF	97
549	#FFFFFF	97
550	#FFFFFF	97
551	#FFFFFF	307
553	#FFFFFF	265
554	#FFFFFF	265
555	#FFFFFF	265
557	#FFFFFF	307
558	#FFFFFF	265
559	#FFFFFF	307
560	#FFFFFF	307
561	#FFFFFF	106
562	#FFFFFF	106
563	#FFFFFF	106
564	#FFFFFF	106
565	#FFFFFF	106
566	#FFFFFF	106
567	#FFFFFF	106
568	#FFFFFF	106
569	#FFFFFF	307
570	#FFFFFF	106
572	#FFFFFF	106
573	#FFFFFF	106
574	#FFFFFF	106
575	#FFFFFF	106
576	#FFFFFF	855
577	#FFFFFF	855
578	#FFFFFF	855
579	#FFFFFF	50
580	#FFFFFF	307
581	#FFFFFF	50
582	#FFFFFF	50
583	#FFFFFF	50
584	#FFFFFF	855
585	#FFFFFF	855
586	#FFFFFF	855
587	#FFFFFF	97
588	#FFFFFF	97
589	#FFFFFF	97
590	#FFFFFF	97
591	#FFFFFF	307
592	#FFFFFF	97
593	#FFFFFF	97
594	#FFFFFF	97
595	#FFFFFF	97
596	#FFFFFF	97
597	#FFFFFF	97
598	#FFFFFF	97
599	#FFFFFF	97
600	#FFFFFF	97
602	#FFFFFF	307
603	#FFFFFF	265
604	#FFFFFF	307
605	#FFFFFF	265
606	#FFFFFF	265
607	#FFFFFF	307
608	#FFFFFF	265
609	#FFFFFF	265
610	#FFFFFF	265
611	#FFFFFF	307
612	#FFFFFF	106
613	#FFFFFF	106
614	#FFFFFF	106
615	#FFFFFF	106
616	#FFFFFF	106
617	#FFFFFF	106
618	#FFFFFF	106
619	#FFFFFF	106
620	#FFFFFF	307
622	#FFFFFF	106
623	#FFFFFF	106
624	#FFFFFF	106
626	#FFFFFF	855
627	#FFFFFF	855
628	#FFFFFF	855
629	#FFFFFF	855
630	#FFFFFF	50
631	#FFFFFF	307
632	#FFFFFF	855
633	#FFFFFF	50
634	#FFFFFF	855
635	#FFFFFF	855
636	#FFFFFF	855
637	#FFFFFF	97
638	#FFFFFF	97
639	#FFFFFF	97
640	#FFFFFF	97
641	#FFFFFF	97
642	#FFFFFF	307
643	#FFFFFF	97
644	#FFFFFF	97
645	#FFFFFF	97
646	#FFFFFF	97
647	#FFFFFF	97
648	#FFFFFF	97
649	#FFFFFF	97
650	#FFFFFF	97
651	#FFFFFF	97
652	#FFFFFF	307
653	#FFFFFF	307
654	#FFFFFF	265
655	#FFFFFF	265
656	#FFFFFF	307
659	#FFFFFF	265
660	#FFFFFF	265
661	#FFFFFF	307
662	#FFFFFF	307
663	#FFFFFF	106
664	#FFFFFF	106
665	#FFFFFF	106
666	#FFFFFF	106
667	#FFFFFF	106
668	#FFFFFF	106
669	#FFFFFF	106
670	#FFFFFF	265
672	#FFFFFF	106
673	#FFFFFF	106
674	#FFFFFF	106
675	#FFFFFF	106
676	#FFFFFF	855
677	#FFFFFF	855
678	#FFFFFF	855
679	#FFFFFF	855
680	#FFFFFF	50
681	#FFFFFF	307
682	#FFFFFF	855
683	#FFFFFF	50
684	#FFFFFF	50
685	#FFFFFF	855
686	#FFFFFF	97
687	#FFFFFF	855
688	#FFFFFF	97
689	#FFFFFF	97
690	#FFFFFF	97
691	#FFFFFF	97
692	#FFFFFF	307
693	#FFFFFF	97
694	#FFFFFF	97
695	#FFFFFF	97
696	#FFFFFF	97
697	#FFFFFF	97
698	#FFFFFF	97
699	#FFFFFF	97
700	#FFFFFF	97
701	#FFFFFF	97
703	#FFFFFF	307
704	#FFFFFF	307
705	#FFFFFF	307
706	#FFFFFF	307
707	#FFFFFF	265
708	#FFFFFF	265
709	#FFFFFF	265
710	#FFFFFF	265
711	#FFFFFF	307
712	#FFFFFF	307
713	#FFFFFF	106
714	#FFFFFF	106
715	#FFFFFF	106
716	#FFFFFF	106
717	#FFFFFF	106
718	#FFFFFF	106
719	#FFFFFF	106
721	#FFFFFF	307
722	#FFFFFF	855
723	#FFFFFF	106
724	#FFFFFF	855
725	#FFFFFF	106
726	#FFFFFF	106
727	#FFFFFF	855
728	#FFFFFF	855
729	#FFFFFF	855
730	#FFFFFF	50
731	#FFFFFF	50
732	#FFFFFF	307
733	#FFFFFF	855
734	#FFFFFF	855
735	#FFFFFF	855
736	#FFFFFF	855
737	#FFFFFF	97
738	#FFFFFF	97
739	#FFFFFF	97
740	#FFFFFF	97
741	#FFFFFF	97
742	#FFFFFF	97
743	#FFFFFF	307
744	#FFFFFF	97
745	#FFFFFF	97
746	#FFFFFF	97
747	#FFFFFF	97
748	#FFFFFF	97
749	#FFFFFF	97
750	#FFFFFF	97
751	#FFFFFF	97
752	#FFFFFF	97
753	#FFFFFF	265
754	#FFFFFF	307
755	#FFFFFF	307
756	#FFFFFF	307
757	#FFFFFF	265
759	#FFFFFF	265
760	#FFFFFF	265
761	#FFFFFF	307
762	#FFFFFF	106
763	#FFFFFF	307
764	#FFFFFF	106
765	#FFFFFF	106
766	#FFFFFF	106
767	#FFFFFF	106
768	#FFFFFF	106
769	#FFFFFF	106
771	#FFFFFF	307
772	#FFFFFF	106
773	#FFFFFF	855
774	#FFFFFF	855
775	#FFFFFF	106
776	#FFFFFF	106
777	#FFFFFF	106
778	#FFFFFF	855
779	#FFFFFF	106
780	#FFFFFF	855
782	#FFFFFF	265
783	#FFFFFF	855
784	#FFFFFF	855
785	#FFFFFF	855
786	#FFFFFF	855
787	#FFFFFF	855
788	#FFFFFF	97
789	#FFFFFF	97
790	#FFFFFF	97
791	#FFFFFF	97
792	#FFFFFF	97
793	#FFFFFF	265
794	#FFFFFF	97
795	#FFFFFF	97
796	#FFFFFF	97
797	#FFFFFF	97
798	#FFFFFF	97
799	#FFFFFF	97
800	#FFFFFF	97
802	#FFFFFF	243
804	#FFFFFF	265
805	#FFFFFF	307
806	#FFFFFF	307
807	#FFFFFF	307
808	#FFFFFF	307
809	#FFFFFF	265
810	#FFFFFF	265
811	#FFFFFF	265
812	#FFFFFF	307
813	#FFFFFF	106
814	#FFFFFF	106
815	#FFFFFF	106
816	#FFFFFF	106
817	#FFFFFF	106
818	#FFFFFF	106
819	#FFFFFF	106
821	#FFFFFF	106
822	#FFFFFF	307
823	#FFFFFF	855
824	#FFFFFF	855
825	#FFFFFF	106
826	#FFFFFF	106
827	#FFFFFF	106
828	#FFFFFF	106
829	#FFFFFF	855
830	#FFFFFF	106
831	#FFFFFF	855
832	#FFFFFF	50
833	#FFFFFF	265
834	#FFFFFF	855
835	#FFFFFF	855
836	#FFFFFF	855
837	#FFFFFF	97
838	#FFFFFF	855
839	#FFFFFF	97
840	#FFFFFF	97
841	#FFFFFF	97
842	#FFFFFF	97
843	#FFFFFF	97
844	#FFFFFF	265
845	#FFFFFF	97
846	#FFFFFF	97
847	#FFFFFF	97
848	#FFFFFF	97
849	#FFFFFF	97
850	#FFFFFF	97
851	#FFFFFF	243
852	#FFFFFF	243
854	#FFFFFF	307
855	#FFFFFF	307
856	#FFFFFF	307
857	#FFFFFF	307
858	#FFFFFF	307
860	#FFFFFF	265
861	#FFFFFF	265
862	#FFFFFF	307
863	#FFFFFF	106
864	#FFFFFF	106
865	#FFFFFF	106
866	#FFFFFF	106
867	#FFFFFF	106
868	#FFFFFF	106
869	#FFFFFF	106
871	#FFFFFF	106
872	#FFFFFF	265
873	#FFFFFF	106
874	#FFFFFF	855
875	#FFFFFF	855
876	#FFFFFF	106
877	#FFFFFF	106
878	#FFFFFF	106
879	#FFFFFF	106
881	#FFFFFF	106
882	#FFFFFF	855
884	#FFFFFF	855
885	#FFFFFF	855
886	#FFFFFF	855
887	#FFFFFF	97
888	#FFFFFF	855
889	#FFFFFF	97
890	#FFFFFF	97
891	#FFFFFF	97
892	#FFFFFF	97
893	#FFFFFF	97
894	#FFFFFF	265
895	#FFFFFF	97
896	#FFFFFF	97
897	#FFFFFF	97
898	#FFFFFF	97
899	#FFFFFF	97
900	#FFFFFF	97
901	#FFFFFF	243
905	#FFFFFF	265
906	#FFFFFF	307
907	#FFFFFF	307
908	#FFFFFF	307
909	#FFFFFF	307
910	#FFFFFF	307
911	#FFFFFF	307
912	#FFFFFF	265
913	#FFFFFF	106
914	#FFFFFF	106
915	#FFFFFF	106
916	#FFFFFF	106
917	#FFFFFF	106
918	#FFFFFF	106
919	#FFFFFF	106
921	#FFFFFF	106
922	#FFFFFF	106
923	#FFFFFF	265
924	#FFFFFF	106
925	#FFFFFF	855
926	#FFFFFF	855
927	#FFFFFF	106
928	#FFFFFF	106
929	#FFFFFF	106
930	#FFFFFF	106
931	#FFFFFF	855
932	#FFFFFF	855
933	#FFFFFF	855
934	#FFFFFF	265
935	#FFFFFF	97
936	#FFFFFF	855
937	#FFFFFF	97
938	#FFFFFF	855
939	#FFFFFF	97
940	#FFFFFF	97
941	#FFFFFF	97
942	#FFFFFF	97
943	#FFFFFF	97
944	#FFFFFF	97
945	#FFFFFF	307
946	#FFFFFF	97
947	#FFFFFF	97
948	#FFFFFF	97
949	#FFFFFF	97
950	#FFFFFF	97
951	#FFFFFF	97
955	#FFFFFF	307
956	#FFFFFF	307
957	#FFFFFF	307
958	#FFFFFF	307
959	#FFFFFF	307
961	#FFFFFF	307
962	#FFFFFF	265
963	#FFFFFF	106
964	#FFFFFF	106
965	#FFFFFF	106
966	#FFFFFF	106
967	#FFFFFF	106
968	#FFFFFF	106
969	#FFFFFF	106
971	#FFFFFF	106
972	#FFFFFF	106
973	#FFFFFF	265
974	#FFFFFF	106
975	#FFFFFF	855
976	#FFFFFF	855
977	#FFFFFF	106
978	#FFFFFF	106
979	#FFFFFF	106
980	#FFFFFF	855
981	#FFFFFF	106
982	#FFFFFF	855
983	#FFFFFF	855
984	#FFFFFF	265
985	#FFFFFF	97
986	#FFFFFF	855
987	#FFFFFF	97
988	#FFFFFF	97
989	#FFFFFF	97
990	#FFFFFF	97
991	#FFFFFF	97
992	#FFFFFF	97
993	#FFFFFF	97
994	#FFFFFF	97
995	#FFFFFF	307
996	#FFFFFF	97
997	#FFFFFF	97
998	#FFFFFF	97
999	#FFFFFF	97
1000	#FFFFFF	97
1006	#FFFFFF	307
1007	#FFFFFF	307
1008	#FFFFFF	307
1009	#FFFFFF	307
1010	#FFFFFF	307
1011	#FFFFFF	307
1012	#FFFFFF	265
1013	#FFFFFF	265
1014	#FFFFFF	106
1015	#FFFFFF	106
1016	#FFFFFF	106
1017	#FFFFFF	106
1018	#FFFFFF	106
1019	#FFFFFF	106
1020	#FFFFFF	50
1021	#FFFFFF	106
1022	#FFFFFF	106
1023	#FFFFFF	106
1024	#FFFFFF	265
1025	#FFFFFF	106
1026	#FFFFFF	855
1027	#FFFFFF	855
1028	#FFFFFF	106
1029	#FFFFFF	106
1031	#FFFFFF	855
1032	#FFFFFF	106
1033	#FFFFFF	855
1034	#FFFFFF	97
1035	#FFFFFF	265
1036	#FFFFFF	855
1037	#FFFFFF	97
1038	#FFFFFF	97
1039	#FFFFFF	97
1040	#FFFFFF	97
1041	#FFFFFF	97
1042	#FFFFFF	97
1043	#FFFFFF	97
1044	#FFFFFF	97
1045	#FFFFFF	97
1046	#FFFFFF	307
1047	#FFFFFF	97
1048	#FFFFFF	97
1049	#FFFFFF	97
1050	#FFFFFF	97
1051	#FFFFFF	97
1056	#FFFFFF	307
1057	#FFFFFF	307
1058	#FFFFFF	307
1059	#FFFFFF	307
1060	#FFFFFF	106
1062	#FFFFFF	307
1063	#FFFFFF	265
1064	#FFFFFF	106
1065	#FFFFFF	106
1066	#FFFFFF	106
1067	#FFFFFF	106
1068	#FFFFFF	106
1069	#FFFFFF	106
1071	#FFFFFF	106
1072	#FFFFFF	106
1073	#FFFFFF	106
1074	#FFFFFF	265
1075	#FFFFFF	106
1076	#FFFFFF	855
1077	#FFFFFF	855
1078	#FFFFFF	855
1079	#FFFFFF	855
1080	#FFFFFF	855
1081	#FFFFFF	106
1082	#FFFFFF	855
1083	#FFFFFF	855
1084	#FFFFFF	855
1085	#FFFFFF	265
1086	#FFFFFF	97
1087	#FFFFFF	97
1088	#FFFFFF	97
1089	#FFFFFF	97
1090	#FFFFFF	97
1091	#FFFFFF	97
1092	#FFFFFF	97
1093	#FFFFFF	97
1094	#FFFFFF	97
1095	#FFFFFF	97
1096	#FFFFFF	307
1097	#FFFFFF	97
1098	#FFFFFF	97
1099	#FFFFFF	97
1100	#FFFFFF	97
1101	#FFFFFF	97
1102	#FFFFFF	97
1107	#FFFFFF	307
1108	#FFFFFF	307
1109	#FFFFFF	307
1110	#FFFFFF	307
1111	#FFFFFF	106
1114	#FFFFFF	265
1115	#FFFFFF	106
1116	#FFFFFF	106
1117	#FFFFFF	106
1118	#FFFFFF	106
1119	#FFFFFF	106
1121	#FFFFFF	106
1122	#FFFFFF	106
1123	#FFFFFF	106
1125	#FFFFFF	265
1126	#FFFFFF	106
1127	#FFFFFF	855
1128	#FFFFFF	855
1129	#FFFFFF	855
1130	#FFFFFF	855
1131	#FFFFFF	106
1132	#FFFFFF	855
1133	#FFFFFF	855
1134	#FFFFFF	97
1135	#FFFFFF	97
1136	#FFFFFF	265
1137	#FFFFFF	97
1138	#FFFFFF	97
1139	#FFFFFF	97
1140	#FFFFFF	97
1141	#FFFFFF	97
1142	#FFFFFF	97
1143	#FFFFFF	97
1144	#FFFFFF	97
1145	#FFFFFF	97
1146	#FFFFFF	97
1147	#FFFFFF	307
1148	#FFFFFF	97
1149	#FFFFFF	97
1150	#FFFFFF	97
1151	#FFFFFF	97
1155	#FFFFFF	97
1156	#FFFFFF	243
1157	#FFFFFF	307
1158	#FFFFFF	307
1159	#FFFFFF	106
1160	#FFFFFF	106
1161	#FFFFFF	106
1163	#FFFFFF	50
1164	#FFFFFF	265
1165	#FFFFFF	106
1166	#FFFFFF	106
1167	#FFFFFF	50
1168	#FFFFFF	50
1169	#FFFFFF	106
1170	#FFFFFF	106
1171	#FFFFFF	106
1172	#FFFFFF	106
1173	#FFFFFF	106
1174	#FFFFFF	106
1175	#FFFFFF	50
1176	#FFFFFF	106
1177	#FFFFFF	106
1178	#FFFFFF	106
1179	#FFFFFF	106
1180	#FFFFFF	106
1181	#FFFFFF	106
1182	#FFFFFF	106
1183	#FFFFFF	106
1184	#FFFFFF	50
1185	#FFFFFF	50
1186	#FFFFFF	50
1187	#FFFFFF	50
1188	#FFFFFF	50
1189	#FFFFFF	50
1191	#FFFFFF	50
1192	#FFFFFF	50
1193	#FFFFFF	50
1194	#FFFFFF	50
1195	#FFFFFF	50
1196	#FFFFFF	50
1197	#FFFFFF	50
1198	#FFFFFF	217
1199	#FFFFFF	217
1200	#FFFFFF	217
1201	#FFFFFF	217
1202	#FFFFFF	217
1203	#FFFFFF	217
1204	#FFFFFF	217
1205	#FFFFFF	217
1206	#FFFFFF	217
1208	#FFFFFF	50
1209	#FFFFFF	50
1210	#FFFFFF	50
1211	#FFFFFF	50
1212	#FFFFFF	50
1213	#FFFFFF	50
1214	#FFFFFF	50
1215	#FFFFFF	265
1216	#FFFFFF	50
1218	#FFFFFF	106
1219	#FFFFFF	106
1221	#FFFFFF	106
1222	#FFFFFF	106
1223	#FFFFFF	106
1224	#FFFFFF	106
1225	#FFFFFF	106
1226	#FFFFFF	50
1227	#FFFFFF	106
1228	#FFFFFF	106
1229	#FFFFFF	106
1230	#FFFFFF	106
1231	#FFFFFF	106
1232	#FFFFFF	106
1233	#FFFFFF	106
1234	#FFFFFF	106
1235	#FFFFFF	50
1236	#FFFFFF	50
1238	#FFFFFF	50
1239	#FFFFFF	50
1241	#FFFFFF	50
1242	#FFFFFF	50
1243	#FFFFFF	50
1244	#FFFFFF	50
1245	#FFFFFF	50
1246	#FFFFFF	50
1247	#FFFFFF	50
1248	#FFFFFF	50
1249	#FFFFFF	217
1250	#FFFFFF	217
1251	#FFFFFF	217
1252	#FFFFFF	217
1253	#FFFFFF	217
1254	#FFFFFF	217
1255	#FFFFFF	217
1256	#FFFFFF	217
1257	#FFFFFF	217
1258	#FFFFFF	50
1259	#FFFFFF	50
1260	#FFFFFF	50
1261	#FFFFFF	50
1265	#FFFFFF	307
1266	#FFFFFF	106
1267	#FFFFFF	106
1268	#FFFFFF	106
1269	#FFFFFF	106
1270	#FFFFFF	106
1272	#FFFFFF	106
1273	#FFFFFF	106
1274	#FFFFFF	106
1275	#FFFFFF	106
1276	#FFFFFF	307
1277	#FFFFFF	106
1278	#FFFFFF	855
1279	#FFFFFF	855
1280	#FFFFFF	855
1281	#FFFFFF	855
1282	#FFFFFF	855
1283	#FFFFFF	106
1284	#FFFFFF	97
1285	#FFFFFF	97
1286	#FFFFFF	97
1287	#FFFFFF	307
1288	#FFFFFF	97
1289	#FFFFFF	97
1290	#FFFFFF	97
1291	#FFFFFF	97
1292	#FFFFFF	97
1293	#FFFFFF	97
1294	#FFFFFF	97
1295	#FFFFFF	97
1296	#FFFFFF	97
1297	#FFFFFF	97
1298	#FFFFFF	307
1299	#FFFFFF	97
1300	#FFFFFF	97
1301	#FFFFFF	97
1302	#FFFFFF	97
1306	#FFFFFF	97
1307	#FFFFFF	243
1309	#FFFFFF	307
1310	#FFFFFF	307
1311	#FFFFFF	106
1312	#FFFFFF	106
1313	#FFFFFF	106
1315	#FFFFFF	307
1316	#FFFFFF	307
1317	#FFFFFF	106
1318	#FFFFFF	106
1319	#FFFFFF	106
1320	#FFFFFF	106
1322	#FFFFFF	106
1323	#FFFFFF	106
1324	#FFFFFF	106
1325	#FFFFFF	106
1326	#FFFFFF	106
1327	#FFFFFF	307
1328	#FFFFFF	106
1329	#FFFFFF	106
1330	#FFFFFF	106
1331	#FFFFFF	855
1332	#FFFFFF	855
1333	#FFFFFF	106
1334	#FFFFFF	855
1335	#FFFFFF	97
1336	#FFFFFF	97
1338	#FFFFFF	307
1339	#FFFFFF	97
1340	#FFFFFF	97
1341	#FFFFFF	97
1342	#FFFFFF	97
1343	#FFFFFF	97
1344	#FFFFFF	97
1345	#FFFFFF	97
1346	#FFFFFF	97
1347	#FFFFFF	97
1348	#FFFFFF	97
1349	#FFFFFF	307
1350	#FFFFFF	97
1351	#FFFFFF	97
1352	#FFFFFF	97
1353	#FFFFFF	243
1359	#FFFFFF	307
1360	#FFFFFF	307
1361	#FFFFFF	106
1362	#FFFFFF	106
1363	#FFFFFF	106
1365	#FFFFFF	307
1367	#FFFFFF	106
1368	#FFFFFF	106
1369	#FFFFFF	106
1370	#FFFFFF	106
1372	#FFFFFF	106
1373	#FFFFFF	106
1374	#FFFFFF	106
1375	#FFFFFF	106
1376	#FFFFFF	106
1377	#FFFFFF	307
1378	#FFFFFF	106
1379	#FFFFFF	106
1380	#FFFFFF	106
1381	#FFFFFF	106
1383	#FFFFFF	855
1384	#FFFFFF	855
1385	#FFFFFF	97
1386	#FFFFFF	97
1387	#FFFFFF	97
1388	#FFFFFF	307
1389	#FFFFFF	97
1390	#FFFFFF	97
1391	#FFFFFF	97
1392	#FFFFFF	97
1393	#FFFFFF	97
1394	#FFFFFF	97
1395	#FFFFFF	97
1396	#FFFFFF	97
1397	#FFFFFF	97
1398	#FFFFFF	97
1399	#FFFFFF	307
1400	#FFFFFF	97
1401	#FFFFFF	97
1402	#FFFFFF	97
1403	#FFFFFF	97
1407	#FFFFFF	243
1410	#FFFFFF	307
1411	#FFFFFF	307
1412	#FFFFFF	307
1413	#FFFFFF	106
1414	#FFFFFF	106
1416	#FFFFFF	307
1417	#FFFFFF	307
1418	#FFFFFF	106
1419	#FFFFFF	106
1420	#FFFFFF	106
1422	#FFFFFF	106
1423	#FFFFFF	106
1424	#FFFFFF	106
1425	#FFFFFF	106
1426	#FFFFFF	106
1427	#FFFFFF	106
1428	#FFFFFF	307
1429	#FFFFFF	106
1430	#FFFFFF	106
1431	#FFFFFF	106
1432	#FFFFFF	106
1433	#FFFFFF	855
1434	#FFFFFF	855
1435	#FFFFFF	855
1436	#FFFFFF	97
1437	#FFFFFF	97
1438	#FFFFFF	97
1439	#FFFFFF	307
1440	#FFFFFF	97
1441	#FFFFFF	97
1442	#FFFFFF	97
1443	#FFFFFF	97
1444	#FFFFFF	97
1445	#FFFFFF	97
1446	#FFFFFF	97
1447	#FFFFFF	97
1448	#FFFFFF	97
1449	#FFFFFF	97
1450	#FFFFFF	307
1451	#FFFFFF	97
1452	#FFFFFF	97
1453	#FFFFFF	243
1456	#FFFFFF	97
1457	#FFFFFF	243
1460	#FFFFFF	307
1461	#FFFFFF	106
1462	#FFFFFF	106
1463	#FFFFFF	106
1464	#FFFFFF	106
1466	#FFFFFF	265
1467	#FFFFFF	307
1468	#FFFFFF	106
1469	#FFFFFF	106
1470	#FFFFFF	106
1472	#FFFFFF	106
1473	#FFFFFF	106
1474	#FFFFFF	106
1475	#FFFFFF	106
1476	#FFFFFF	106
1477	#FFFFFF	106
1478	#FFFFFF	307
1479	#FFFFFF	106
1480	#FFFFFF	106
1481	#FFFFFF	106
1482	#FFFFFF	855
1483	#FFFFFF	855
1484	#FFFFFF	855
1485	#FFFFFF	855
1486	#FFFFFF	97
1487	#FFFFFF	97
1488	#FFFFFF	97
1489	#FFFFFF	307
1490	#FFFFFF	97
1491	#FFFFFF	97
1492	#FFFFFF	97
1493	#FFFFFF	97
1494	#FFFFFF	97
1495	#FFFFFF	97
1496	#FFFFFF	97
1497	#FFFFFF	97
1498	#FFFFFF	97
1499	#FFFFFF	97
1500	#FFFFFF	307
1501	#FFFFFF	97
1502	#FFFFFF	243
1506	#FFFFFF	243
1507	#FFFFFF	97
1511	#FFFFFF	307
1512	#FFFFFF	106
1513	#FFFFFF	106
1514	#FFFFFF	106
1515	#FFFFFF	106
1516	#FFFFFF	265
1517	#FFFFFF	307
1519	#FFFFFF	106
1522	#FFFFFF	106
1523	#FFFFFF	106
1524	#FFFFFF	106
1525	#FFFFFF	106
1526	#FFFFFF	106
1527	#FFFFFF	106
1528	#FFFFFF	106
1529	#FFFFFF	307
1530	#FFFFFF	106
1531	#FFFFFF	106
1532	#FFFFFF	106
1533	#FFFFFF	855
1534	#FFFFFF	97
1535	#FFFFFF	855
1536	#FFFFFF	97
1537	#FFFFFF	97
1538	#FFFFFF	97
1539	#FFFFFF	97
1540	#FFFFFF	307
1541	#FFFFFF	97
1542	#FFFFFF	97
1543	#FFFFFF	97
1544	#FFFFFF	97
1545	#FFFFFF	97
1546	#FFFFFF	97
1547	#FFFFFF	97
1548	#FFFFFF	97
1549	#FFFFFF	97
1550	#FFFFFF	97
1551	#FFFFFF	307
1552	#FFFFFF	243
1553	#FFFFFF	229
1556	#FFFFFF	243
1557	#FFFFFF	243
1561	#FFFFFF	307
1562	#FFFFFF	106
1563	#FFFFFF	106
1564	#FFFFFF	106
1565	#FFFFFF	106
1567	#FFFFFF	265
1568	#FFFFFF	265
1569	#FFFFFF	106
1570	#FFFFFF	106
1572	#FFFFFF	106
1573	#FFFFFF	106
1574	#FFFFFF	106
1575	#FFFFFF	106
1576	#FFFFFF	106
1577	#FFFFFF	106
1578	#FFFFFF	106
1579	#FFFFFF	265
1580	#FFFFFF	106
1581	#FFFFFF	106
1582	#FFFFFF	106
1583	#FFFFFF	855
1584	#FFFFFF	855
1585	#FFFFFF	97
1586	#FFFFFF	97
1587	#FFFFFF	97
1588	#FFFFFF	97
1589	#FFFFFF	97
1590	#FFFFFF	307
1591	#FFFFFF	97
1592	#FFFFFF	97
1593	#FFFFFF	97
1594	#FFFFFF	97
1595	#FFFFFF	97
1596	#FFFFFF	97
1597	#FFFFFF	97
1598	#FFFFFF	97
1599	#FFFFFF	97
1600	#FFFFFF	97
1601	#FFFFFF	307
1602	#FFFFFF	243
1612	#FFFFFF	307
1613	#FFFFFF	307
1614	#FFFFFF	307
1615	#FFFFFF	106
1616	#FFFFFF	106
1617	#FFFFFF	265
1618	#FFFFFF	265
1619	#FFFFFF	265
1620	#FFFFFF	106
1622	#FFFFFF	106
1623	#FFFFFF	106
1624	#FFFFFF	106
1625	#FFFFFF	106
1626	#FFFFFF	106
1627	#FFFFFF	106
1628	#FFFFFF	106
1629	#FFFFFF	106
1630	#FFFFFF	307
1631	#FFFFFF	106
1632	#FFFFFF	106
1633	#FFFFFF	855
1634	#FFFFFF	855
1635	#FFFFFF	855
1636	#FFFFFF	97
1638	#FFFFFF	97
1639	#FFFFFF	97
1640	#FFFFFF	97
1641	#FFFFFF	307
1642	#FFFFFF	97
1643	#FFFFFF	97
1644	#FFFFFF	97
1645	#FFFFFF	97
1646	#FFFFFF	97
1647	#FFFFFF	97
1648	#FFFFFF	97
1649	#FFFFFF	97
1650	#FFFFFF	97
1652	#FFFFFF	307
1653	#FFFFFF	243
1662	#FFFFFF	307
1663	#FFFFFF	307
1664	#FFFFFF	106
1665	#FFFFFF	106
1666	#FFFFFF	106
1668	#FFFFFF	265
1669	#FFFFFF	265
1670	#FFFFFF	106
1672	#FFFFFF	106
1673	#FFFFFF	106
1674	#FFFFFF	106
1675	#FFFFFF	106
1676	#FFFFFF	106
1677	#FFFFFF	106
1678	#FFFFFF	106
1679	#FFFFFF	106
1680	#FFFFFF	265
1681	#FFFFFF	106
1682	#FFFFFF	106
1683	#FFFFFF	855
1684	#FFFFFF	855
1685	#FFFFFF	855
1686	#FFFFFF	97
1687	#FFFFFF	97
1688	#FFFFFF	97
1689	#FFFFFF	97
1690	#FFFFFF	97
1691	#FFFFFF	307
1692	#FFFFFF	97
1693	#FFFFFF	97
1694	#FFFFFF	97
1695	#FFFFFF	97
1696	#FFFFFF	97
1697	#FFFFFF	97
1698	#FFFFFF	97
1699	#FFFFFF	243
1700	#FFFFFF	97
1701	#FFFFFF	243
1702	#FFFFFF	307
1706	#FFFFFF	229
1710	#FFFFFF	243
1713	#FFFFFF	307
1714	#FFFFFF	307
1715	#FFFFFF	106
1716	#FFFFFF	106
1717	#FFFFFF	106
1718	#FFFFFF	265
1719	#FFFFFF	265
1720	#FFFFFF	265
1722	#FFFFFF	106
1723	#FFFFFF	106
1724	#FFFFFF	106
1725	#FFFFFF	106
1726	#FFFFFF	106
1727	#FFFFFF	106
1728	#FFFFFF	106
1729	#FFFFFF	106
1730	#FFFFFF	106
1731	#FFFFFF	307
1732	#FFFFFF	106
1733	#FFFFFF	106
1734	#FFFFFF	106
1735	#FFFFFF	855
1736	#FFFFFF	97
1737	#FFFFFF	97
1738	#FFFFFF	97
1739	#FFFFFF	97
1740	#FFFFFF	97
1741	#FFFFFF	97
1742	#FFFFFF	307
1743	#FFFFFF	97
1744	#FFFFFF	97
1745	#FFFFFF	97
1746	#FFFFFF	97
1747	#FFFFFF	97
1748	#FFFFFF	97
1749	#FFFFFF	97
1750	#FFFFFF	243
1751	#FFFFFF	243
1752	#FFFFFF	229
1753	#FFFFFF	307
1761	#FFFFFF	243
1763	#FFFFFF	307
1764	#FFFFFF	307
1765	#FFFFFF	307
1766	#FFFFFF	106
1767	#FFFFFF	106
1769	#FFFFFF	265
1770	#FFFFFF	265
1772	#FFFFFF	106
1773	#FFFFFF	106
1774	#FFFFFF	106
1775	#FFFFFF	106
1776	#FFFFFF	106
1777	#FFFFFF	106
1778	#FFFFFF	106
1780	#FFFFFF	106
1781	#FFFFFF	265
1782	#FFFFFF	106
1783	#FFFFFF	106
1784	#FFFFFF	106
1785	#FFFFFF	106
1786	#FFFFFF	855
1787	#FFFFFF	97
1788	#FFFFFF	97
1789	#FFFFFF	97
1790	#FFFFFF	97
1791	#FFFFFF	97
1792	#FFFFFF	265
1793	#FFFFFF	97
1794	#FFFFFF	97
1795	#FFFFFF	97
1796	#FFFFFF	97
1797	#FFFFFF	97
1798	#FFFFFF	97
1799	#FFFFFF	97
1800	#FFFFFF	97
1801	#FFFFFF	243
1802	#FFFFFF	243
1803	#FFFFFF	307
1807	#FFFFFF	243
1809	#FFFFFF	243
1814	#FFFFFF	307
1815	#FFFFFF	307
1816	#FFFFFF	307
1817	#FFFFFF	106
1818	#FFFFFF	307
1819	#FFFFFF	265
1820	#FFFFFF	265
1821	#FFFFFF	265
1822	#FFFFFF	106
1823	#FFFFFF	106
1824	#FFFFFF	106
1825	#FFFFFF	106
1826	#FFFFFF	106
1827	#FFFFFF	106
1828	#FFFFFF	106
1829	#FFFFFF	106
1830	#FFFFFF	106
1831	#FFFFFF	106
1832	#FFFFFF	265
1833	#FFFFFF	106
1834	#FFFFFF	106
1835	#FFFFFF	106
1836	#FFFFFF	106
1837	#FFFFFF	97
1838	#FFFFFF	97
1839	#FFFFFF	97
1840	#FFFFFF	97
1841	#FFFFFF	97
1842	#FFFFFF	97
1843	#FFFFFF	307
1844	#FFFFFF	97
1845	#FFFFFF	97
1846	#FFFFFF	97
1847	#FFFFFF	97
1848	#FFFFFF	97
1849	#FFFFFF	97
1850	#FFFFFF	97
1851	#FFFFFF	243
1852	#FFFFFF	243
1854	#FFFFFF	307
1859	#FFFFFF	243
1864	#FFFFFF	307
1865	#FFFFFF	307
1866	#FFFFFF	307
1870	#FFFFFF	265
1871	#FFFFFF	265
1872	#FFFFFF	106
1873	#FFFFFF	106
1874	#FFFFFF	106
1875	#FFFFFF	106
1876	#FFFFFF	106
1877	#FFFFFF	106
1878	#FFFFFF	106
1879	#FFFFFF	106
1880	#FFFFFF	106
1881	#FFFFFF	106
1882	#FFFFFF	265
1883	#FFFFFF	106
1884	#FFFFFF	106
1885	#FFFFFF	106
1886	#FFFFFF	97
1887	#FFFFFF	97
1888	#FFFFFF	97
1889	#FFFFFF	97
1890	#FFFFFF	97
1891	#FFFFFF	97
1892	#FFFFFF	97
1893	#FFFFFF	307
1894	#FFFFFF	97
1895	#FFFFFF	97
1896	#FFFFFF	97
1897	#FFFFFF	97
1898	#FFFFFF	97
1899	#FFFFFF	97
1900	#FFFFFF	97
1901	#FFFFFF	243
1902	#FFFFFF	229
1904	#FFFFFF	307
1906	#FFFFFF	229
1907	#FFFFFF	229
1915	#FFFFFF	307
1916	#FFFFFF	307
1917	#FFFFFF	307
1918	#FFFFFF	307
1920	#FFFFFF	307
1921	#FFFFFF	265
1922	#FFFFFF	265
1923	#FFFFFF	106
1924	#FFFFFF	106
1925	#FFFFFF	106
1926	#FFFFFF	106
1927	#FFFFFF	106
1928	#FFFFFF	106
1929	#FFFFFF	106
1930	#FFFFFF	106
1931	#FFFFFF	106
1932	#FFFFFF	106
1933	#FFFFFF	307
1934	#FFFFFF	106
1935	#FFFFFF	106
1936	#FFFFFF	106
1937	#FFFFFF	97
1938	#FFFFFF	97
1939	#FFFFFF	97
1940	#FFFFFF	97
1941	#FFFFFF	97
1942	#FFFFFF	97
1943	#FFFFFF	97
1944	#FFFFFF	307
1945	#FFFFFF	97
1946	#FFFFFF	97
1947	#FFFFFF	97
1948	#FFFFFF	97
1949	#FFFFFF	97
1950	#FFFFFF	97
1951	#FFFFFF	243
1952	#FFFFFF	229
1955	#FFFFFF	307
1957	#FFFFFF	229
1965	#FFFFFF	307
1966	#FFFFFF	307
1967	#FFFFFF	307
1969	#FFFFFF	307
1971	#FFFFFF	307
1972	#FFFFFF	265
1973	#FFFFFF	106
1974	#FFFFFF	106
1975	#FFFFFF	106
1976	#FFFFFF	106
1977	#FFFFFF	106
1978	#FFFFFF	106
1979	#FFFFFF	106
1980	#FFFFFF	106
1981	#FFFFFF	106
1982	#FFFFFF	106
1983	#FFFFFF	307
1984	#FFFFFF	106
1985	#FFFFFF	106
1986	#FFFFFF	106
1988	#FFFFFF	97
1989	#FFFFFF	97
1990	#FFFFFF	97
1991	#FFFFFF	97
1992	#FFFFFF	97
1993	#FFFFFF	97
1994	#FFFFFF	307
1995	#FFFFFF	97
1996	#FFFFFF	97
1997	#FFFFFF	97
1998	#FFFFFF	97
1999	#FFFFFF	97
2000	#FFFFFF	97
2001	#FFFFFF	97
2002	#FFFFFF	243
2005	#FFFFFF	307
2007	#FFFFFF	229
2016	#FFFFFF	307
2017	#FFFFFF	307
2018	#FFFFFF	307
2020	#FFFFFF	307
2021	#FFFFFF	307
2022	#FFFFFF	307
2023	#FFFFFF	307
2024	#FFFFFF	106
2025	#FFFFFF	106
2026	#FFFFFF	106
2027	#FFFFFF	106
2028	#FFFFFF	106
2029	#FFFFFF	106
2030	#FFFFFF	106
2031	#FFFFFF	106
2032	#FFFFFF	106
2033	#FFFFFF	106
2034	#FFFFFF	307
2035	#FFFFFF	106
2036	#FFFFFF	106
2037	#FFFFFF	106
2038	#FFFFFF	97
2039	#FFFFFF	97
2040	#FFFFFF	97
2041	#FFFFFF	97
2042	#FFFFFF	97
2043	#FFFFFF	97
2044	#FFFFFF	97
2045	#FFFFFF	307
2046	#FFFFFF	97
2047	#FFFFFF	97
2048	#FFFFFF	97
2049	#FFFFFF	97
2050	#FFFFFF	97
2051	#FFFFFF	97
2052	#FFFFFF	229
2056	#FFFFFF	307
2057	#FFFFFF	243
2059	#FFFFFF	243
2061	#FFFFFF	243
2066	#FFFFFF	307
2067	#FFFFFF	307
2069	#FFFFFF	307
2070	#FFFFFF	307
2072	#FFFFFF	307
2073	#FFFFFF	307
2074	#FFFFFF	106
2075	#FFFFFF	106
2076	#FFFFFF	106
2077	#FFFFFF	106
2078	#FFFFFF	106
2079	#FFFFFF	106
2080	#FFFFFF	106
2081	#FFFFFF	106
2082	#FFFFFF	106
2083	#FFFFFF	106
2084	#FFFFFF	307
2085	#FFFFFF	106
2086	#FFFFFF	106
2087	#FFFFFF	106
2088	#FFFFFF	106
2089	#FFFFFF	97
2090	#FFFFFF	97
2091	#FFFFFF	97
2092	#FFFFFF	97
2093	#FFFFFF	97
2094	#FFFFFF	97
2095	#FFFFFF	307
2096	#FFFFFF	97
2097	#FFFFFF	97
2098	#FFFFFF	97
2099	#FFFFFF	97
2100	#FFFFFF	97
2101	#FFFFFF	97
2102	#FFFFFF	229
2104	#FFFFFF	243
2105	#FFFFFF	229
2106	#FFFFFF	307
2109	#FFFFFF	229
2117	#FFFFFF	307
2118	#FFFFFF	106
2120	#FFFFFF	307
2121	#FFFFFF	106
2122	#FFFFFF	307
2123	#FFFFFF	307
2124	#FFFFFF	307
2125	#FFFFFF	106
2126	#FFFFFF	106
2127	#FFFFFF	106
2128	#FFFFFF	106
2129	#FFFFFF	106
2130	#FFFFFF	106
2131	#FFFFFF	106
2132	#FFFFFF	106
2133	#FFFFFF	106
2134	#FFFFFF	106
2135	#FFFFFF	307
2136	#FFFFFF	106
2137	#FFFFFF	106
2138	#FFFFFF	106
2139	#FFFFFF	106
2140	#FFFFFF	97
2141	#FFFFFF	97
2142	#FFFFFF	97
2143	#FFFFFF	97
2144	#FFFFFF	97
2145	#FFFFFF	97
2146	#FFFFFF	307
2147	#FFFFFF	97
2148	#FFFFFF	97
2149	#FFFFFF	97
2150	#FFFFFF	97
2151	#FFFFFF	97
2153	#FFFFFF	97
2156	#FFFFFF	229
2157	#FFFFFF	307
2167	#FFFFFF	106
2169	#FFFFFF	106
2170	#FFFFFF	307
2171	#FFFFFF	106
2173	#FFFFFF	307
2174	#FFFFFF	307
2175	#FFFFFF	106
2176	#FFFFFF	106
2177	#FFFFFF	106
2178	#FFFFFF	106
2179	#FFFFFF	106
2180	#FFFFFF	106
2181	#FFFFFF	106
2182	#FFFFFF	106
2183	#FFFFFF	106
2184	#FFFFFF	106
2185	#FFFFFF	307
2186	#FFFFFF	106
2187	#FFFFFF	106
2188	#FFFFFF	106
2189	#FFFFFF	106
2190	#FFFFFF	106
2191	#FFFFFF	97
2192	#FFFFFF	97
2193	#FFFFFF	106
2194	#FFFFFF	97
2195	#FFFFFF	97
2196	#FFFFFF	307
2197	#FFFFFF	97
2198	#FFFFFF	97
2199	#FFFFFF	97
2200	#FFFFFF	97
2201	#FFFFFF	97
2202	#FFFFFF	243
2206	#FFFFFF	229
2207	#FFFFFF	307
2209	#FFFFFF	229
2218	#FFFFFF	307
2220	#FFFFFF	106
2221	#FFFFFF	307
2222	#FFFFFF	106
2223	#FFFFFF	307
2224	#FFFFFF	307
2225	#FFFFFF	307
2226	#FFFFFF	106
2227	#FFFFFF	106
2228	#FFFFFF	106
2229	#FFFFFF	106
2230	#FFFFFF	106
2231	#FFFFFF	106
2232	#FFFFFF	106
2233	#FFFFFF	106
2234	#FFFFFF	106
2235	#FFFFFF	106
2236	#FFFFFF	307
2237	#FFFFFF	106
2238	#FFFFFF	106
2239	#FFFFFF	106
2240	#FFFFFF	106
2241	#FFFFFF	106
2242	#FFFFFF	97
2243	#FFFFFF	106
2244	#FFFFFF	97
2245	#FFFFFF	97
2246	#FFFFFF	97
2247	#FFFFFF	307
2248	#FFFFFF	97
2249	#FFFFFF	97
2250	#FFFFFF	97
2254	#FFFFFF	229
2255	#FFFFFF	229
2256	#FFFFFF	229
2258	#FFFFFF	307
2269	#FFFFFF	106
2270	#FFFFFF	307
2271	#FFFFFF	307
2272	#FFFFFF	106
2274	#FFFFFF	265
2275	#FFFFFF	50
2277	#FFFFFF	50
2279	#FFFFFF	106
2280	#FFFFFF	106
2281	#FFFFFF	106
2282	#FFFFFF	106
2283	#FFFFFF	106
2284	#FFFFFF	106
2285	#FFFFFF	106
2286	#FFFFFF	265
2287	#FFFFFF	106
2288	#FFFFFF	106
2289	#FFFFFF	106
2290	#FFFFFF	106
2291	#FFFFFF	106
2292	#FFFFFF	106
2293	#FFFFFF	106
2294	#FFFFFF	106
2295	#FFFFFF	106
2296	#FFFFFF	50
2297	#FFFFFF	50
2298	#FFFFFF	50
2299	#FFFFFF	50
2301	#FFFFFF	50
2302	#FFFFFF	50
2303	#FFFFFF	50
2304	#FFFFFF	50
2305	#FFFFFF	50
2306	#FFFFFF	50
2307	#FFFFFF	50
2308	#FFFFFF	50
2309	#FFFFFF	217
2311	#FFFFFF	217
2312	#FFFFFF	217
2313	#FFFFFF	217
2314	#FFFFFF	217
2315	#FFFFFF	217
2316	#FFFFFF	217
2317	#FFFFFF	217
2319	#FFFFFF	50
2320	#FFFFFF	50
2322	#FFFFFF	50
2323	#FFFFFF	50
2324	#FFFFFF	265
2325	#FFFFFF	265
2326	#FFFFFF	265
2327	#FFFFFF	265
2328	#FFFFFF	50
2329	#FFFFFF	106
2330	#FFFFFF	106
2331	#FFFFFF	106
2332	#FFFFFF	106
2334	#FFFFFF	106
2335	#FFFFFF	106
2336	#FFFFFF	106
2338	#FFFFFF	106
2339	#FFFFFF	106
2340	#FFFFFF	106
2341	#FFFFFF	106
2342	#FFFFFF	106
2343	#FFFFFF	106
2344	#FFFFFF	106
2345	#FFFFFF	50
2346	#FFFFFF	50
2347	#FFFFFF	50
2348	#FFFFFF	50
2349	#FFFFFF	50
2350	#FFFFFF	50
2351	#FFFFFF	50
2352	#FFFFFF	50
2353	#FFFFFF	50
2354	#FFFFFF	50
2355	#FFFFFF	50
2356	#FFFFFF	50
2357	#FFFFFF	50
2358	#FFFFFF	50
2359	#FFFFFF	265
2360	#FFFFFF	217
2361	#FFFFFF	217
2362	#FFFFFF	217
2363	#FFFFFF	217
2364	#FFFFFF	217
2365	#FFFFFF	217
2366	#FFFFFF	217
2367	#FFFFFF	217
2368	#FFFFFF	97
2369	#FFFFFF	50
2370	#FFFFFF	50
2371	#FFFFFF	50
2372	#FFFFFF	50
2373	#FFFFFF	265
2375	#FFFFFF	307
2376	#FFFFFF	307
2377	#FFFFFF	106
2378	#FFFFFF	106
2379	#FFFFFF	106
2381	#FFFFFF	106
2382	#FFFFFF	106
2383	#FFFFFF	106
2384	#FFFFFF	106
2385	#FFFFFF	106
2386	#FFFFFF	106
2387	#FFFFFF	307
2388	#FFFFFF	106
2389	#FFFFFF	106
2390	#FFFFFF	106
2391	#FFFFFF	106
2392	#FFFFFF	106
2393	#FFFFFF	106
2394	#FFFFFF	106
2395	#FFFFFF	97
2396	#FFFFFF	97
2397	#FFFFFF	97
2398	#FFFFFF	307
2399	#FFFFFF	97
2400	#FFFFFF	97
2401	#FFFFFF	97
2403	#FFFFFF	97
2406	#FFFFFF	229
2409	#FFFFFF	307
2421	#FFFFFF	106
2422	#FFFFFF	307
2423	#FFFFFF	106
2424	#FFFFFF	307
2425	#FFFFFF	106
2426	#FFFFFF	307
2427	#FFFFFF	307
2428	#FFFFFF	106
2429	#FFFFFF	106
2430	#FFFFFF	106
2431	#FFFFFF	106
2432	#FFFFFF	106
2433	#FFFFFF	106
2434	#FFFFFF	106
2435	#FFFFFF	106
2436	#FFFFFF	106
2437	#FFFFFF	106
2438	#FFFFFF	307
2439	#FFFFFF	106
2440	#FFFFFF	106
2441	#FFFFFF	106
2442	#FFFFFF	106
2443	#FFFFFF	106
2444	#FFFFFF	106
2445	#FFFFFF	97
2446	#FFFFFF	97
2447	#FFFFFF	97
2448	#FFFFFF	97
2449	#FFFFFF	106
2450	#FFFFFF	97
2451	#FFFFFF	97
2452	#FFFFFF	97
2456	#FFFFFF	243
2457	#FFFFFF	243
2459	#FFFFFF	229
2470	#FFFFFF	307
2471	#FFFFFF	106
2472	#FFFFFF	106
2473	#FFFFFF	307
2474	#FFFFFF	106
2476	#FFFFFF	106
2477	#FFFFFF	307
2478	#FFFFFF	106
2479	#FFFFFF	106
2480	#FFFFFF	106
2481	#FFFFFF	106
2482	#FFFFFF	106
2483	#FFFFFF	106
2484	#FFFFFF	106
2485	#FFFFFF	106
2486	#FFFFFF	106
2487	#FFFFFF	106
2488	#FFFFFF	307
2489	#FFFFFF	106
2490	#FFFFFF	106
2491	#FFFFFF	106
2492	#FFFFFF	106
2493	#FFFFFF	106
2494	#FFFFFF	106
2495	#FFFFFF	106
2496	#FFFFFF	106
2497	#FFFFFF	97
2498	#FFFFFF	97
2499	#FFFFFF	106
2500	#FFFFFF	97
2501	#FFFFFF	97
2502	#FFFFFF	97
2503	#FFFFFF	97
2506	#FFFFFF	229
2507	#FFFFFF	243
2521	#FFFFFF	307
2522	#FFFFFF	106
2523	#FFFFFF	106
2524	#FFFFFF	307
2525	#FFFFFF	307
2526	#FFFFFF	503
2527	#FFFFFF	106
2528	#FFFFFF	307
2529	#FFFFFF	106
2530	#FFFFFF	106
2531	#FFFFFF	106
2532	#FFFFFF	106
2533	#FFFFFF	106
2534	#FFFFFF	106
2535	#FFFFFF	106
2536	#FFFFFF	106
2537	#FFFFFF	106
2538	#FFFFFF	106
2539	#FFFFFF	307
2540	#FFFFFF	106
2541	#FFFFFF	106
2542	#FFFFFF	106
2543	#FFFFFF	106
2544	#FFFFFF	106
2545	#FFFFFF	106
2546	#FFFFFF	106
2547	#FFFFFF	97
2548	#FFFFFF	97
2549	#FFFFFF	97
2551	#FFFFFF	97
2552	#FFFFFF	97
2553	#FFFFFF	243
2557	#FFFFFF	229
2561	#FFFFFF	307
2571	#FFFFFF	106
2572	#FFFFFF	106
2573	#FFFFFF	307
2574	#FFFFFF	307
2575	#FFFFFF	106
2577	#FFFFFF	106
2578	#FFFFFF	106
2579	#FFFFFF	106
2580	#FFFFFF	106
2581	#FFFFFF	106
2582	#FFFFFF	106
2583	#FFFFFF	106
2584	#FFFFFF	106
2585	#FFFFFF	106
2586	#FFFFFF	106
2587	#FFFFFF	106
2588	#FFFFFF	106
2589	#FFFFFF	106
2590	#FFFFFF	106
2591	#FFFFFF	106
2592	#FFFFFF	106
2593	#FFFFFF	106
2594	#FFFFFF	106
2595	#FFFFFF	106
2596	#FFFFFF	106
2597	#FFFFFF	106
2598	#FFFFFF	97
2599	#FFFFFF	97
2601	#FFFFFF	97
2602	#FFFFFF	97
2611	#FFFFFF	106
2622	#FFFFFF	106
2623	#FFFFFF	106
2624	#FFFFFF	307
2625	#FFFFFF	106
2626	#FFFFFF	106
2627	#FFFFFF	106
2628	#FFFFFF	106
2629	#FFFFFF	106
2630	#FFFFFF	106
2631	#FFFFFF	106
2632	#FFFFFF	106
2633	#FFFFFF	106
2634	#FFFFFF	106
2635	#FFFFFF	106
2636	#FFFFFF	106
2637	#FFFFFF	106
2638	#FFFFFF	106
2639	#FFFFFF	106
2641	#FFFFFF	106
2642	#FFFFFF	106
2643	#FFFFFF	106
2644	#FFFFFF	106
2645	#FFFFFF	106
2646	#FFFFFF	106
2647	#FFFFFF	106
2648	#FFFFFF	97
2649	#FFFFFF	97
2650	#FFFFFF	97
2651	#FFFFFF	106
2653	#FFFFFF	243
2656	#FFFFFF	243
2657	#FFFFFF	229
2658	#FFFFFF	243
2662	#FFFFFF	106
2664	#FFFFFF	229
2672	#FFFFFF	106
2673	#FFFFFF	106
2674	#FFFFFF	106
2675	#FFFFFF	106
2676	#FFFFFF	106
2678	#FFFFFF	106
2679	#FFFFFF	106
2680	#FFFFFF	106
2681	#FFFFFF	106
2683	#FFFFFF	106
2684	#FFFFFF	106
2685	#FFFFFF	106
2686	#FFFFFF	106
2687	#FFFFFF	106
2688	#FFFFFF	106
2689	#FFFFFF	106
2691	#FFFFFF	106
2692	#FFFFFF	106
2693	#FFFFFF	106
2694	#FFFFFF	106
2695	#FFFFFF	106
2696	#FFFFFF	106
2697	#FFFFFF	106
2698	#FFFFFF	106
2699	#FFFFFF	106
2700	#FFFFFF	97
2701	#FFFFFF	106
2702	#FFFFFF	243
2703	#FFFFFF	243
2707	#FFFFFF	243
2708	#FFFFFF	229
2712	#FFFFFF	106
2723	#FFFFFF	106
2724	#FFFFFF	106
2725	#FFFFFF	106
2726	#FFFFFF	106
2727	#FFFFFF	106
2728	#FFFFFF	106
2729	#FFFFFF	106
2731	#FFFFFF	106
2732	#FFFFFF	106
2733	#FFFFFF	106
2734	#FFFFFF	106
2735	#FFFFFF	106
2736	#FFFFFF	106
2737	#FFFFFF	106
2738	#FFFFFF	106
2739	#FFFFFF	106
2740	#FFFFFF	106
2741	#FFFFFF	106
2742	#FFFFFF	106
2743	#FFFFFF	106
2744	#FFFFFF	106
2745	#FFFFFF	106
2746	#FFFFFF	106
2747	#FFFFFF	106
2748	#FFFFFF	106
2749	#FFFFFF	106
2750	#FFFFFF	106
2751	#FFFFFF	97
2752	#FFFFFF	106
2753	#FFFFFF	243
2756	#FFFFFF	243
2763	#FFFFFF	106
2772	#FFFFFF	229
2773	#FFFFFF	106
2774	#FFFFFF	106
2775	#FFFFFF	106
2776	#FFFFFF	106
2777	#FFFFFF	106
2779	#FFFFFF	106
2781	#FFFFFF	106
2782	#FFFFFF	106
2783	#FFFFFF	106
2784	#FFFFFF	106
2785	#FFFFFF	106
2786	#FFFFFF	106
2787	#FFFFFF	106
2788	#FFFFFF	106
2789	#FFFFFF	106
2790	#FFFFFF	106
2791	#FFFFFF	106
2792	#FFFFFF	106
2793	#FFFFFF	106
2794	#FFFFFF	106
2795	#FFFFFF	106
2796	#FFFFFF	106
2797	#FFFFFF	106
2798	#FFFFFF	106
2799	#FFFFFF	106
2800	#FFFFFF	106
2801	#FFFFFF	106
2802	#FFFFFF	106
2806	#FFFFFF	229
2807	#FFFFFF	229
2813	#FFFFFF	106
2824	#FFFFFF	106
2825	#FFFFFF	106
2826	#FFFFFF	106
2827	#FFFFFF	106
2828	#FFFFFF	106
2829	#FFFFFF	106
2831	#FFFFFF	106
2832	#FFFFFF	106
2833	#FFFFFF	106
2834	#FFFFFF	106
2835	#FFFFFF	106
2836	#FFFFFF	106
2837	#FFFFFF	106
2838	#FFFFFF	106
2839	#FFFFFF	106
2840	#FFFFFF	106
2841	#FFFFFF	106
2842	#FFFFFF	106
2843	#FFFFFF	106
2844	#FFFFFF	106
2845	#FFFFFF	106
2846	#FFFFFF	106
2847	#FFFFFF	106
2848	#FFFFFF	106
2849	#FFFFFF	106
2850	#FFFFFF	106
2851	#FFFFFF	106
2853	#FFFFFF	106
2854	#FFFFFF	97
2856	#FFFFFF	243
2857	#FFFFFF	229
2864	#FFFFFF	106
2871	#FFFFFF	243
2872	#FFFFFF	229
2873	#FFFFFF	243
2874	#FFFFFF	106
2875	#FFFFFF	106
2876	#FFFFFF	106
2877	#FFFFFF	106
2878	#FFFFFF	106
2880	#FFFFFF	106
2881	#FFFFFF	106
2882	#FFFFFF	106
2883	#FFFFFF	106
2884	#FFFFFF	106
2885	#FFFFFF	106
2886	#FFFFFF	106
2887	#FFFFFF	106
2888	#FFFFFF	106
2889	#FFFFFF	106
2890	#FFFFFF	106
2891	#FFFFFF	106
2892	#FFFFFF	106
2893	#FFFFFF	106
2894	#FFFFFF	106
2895	#FFFFFF	106
2896	#FFFFFF	106
2897	#FFFFFF	106
2898	#FFFFFF	106
2899	#FFFFFF	106
2900	#FFFFFF	106
2901	#FFFFFF	106
2902	#FFFFFF	229
2903	#FFFFFF	106
2907	#FFFFFF	229
2914	#FFFFFF	106
2922	#FFFFFF	243
2925	#FFFFFF	106
2926	#FFFFFF	106
2927	#FFFFFF	106
2929	#FFFFFF	106
2931	#FFFFFF	106
2932	#FFFFFF	106
2933	#FFFFFF	106
2934	#FFFFFF	106
2935	#FFFFFF	106
2936	#FFFFFF	106
2937	#FFFFFF	106
2938	#FFFFFF	106
2939	#FFFFFF	106
2940	#FFFFFF	106
2941	#FFFFFF	106
2942	#FFFFFF	106
2943	#FFFFFF	106
2944	#FFFFFF	106
2945	#FFFFFF	106
2946	#FFFFFF	106
2947	#FFFFFF	106
2948	#FFFFFF	106
2949	#FFFFFF	106
2950	#FFFFFF	106
2951	#FFFFFF	229
2952	#FFFFFF	229
2954	#FFFFFF	106
2956	#FFFFFF	243
2957	#FFFFFF	229
2960	#FFFFFF	229
2961	#FFFFFF	229
2963	#FFFFFF	229
2965	#FFFFFF	106
2972	#FFFFFF	229
2973	#FFFFFF	243
2974	#FFFFFF	229
2975	#FFFFFF	106
2976	#FFFFFF	106
2977	#FFFFFF	106
2978	#FFFFFF	106
2979	#FFFFFF	106
2981	#FFFFFF	106
2982	#FFFFFF	106
2983	#FFFFFF	106
2984	#FFFFFF	106
2985	#FFFFFF	106
2986	#FFFFFF	106
2987	#FFFFFF	106
2988	#FFFFFF	106
2989	#FFFFFF	106
2990	#FFFFFF	106
2991	#FFFFFF	106
2992	#FFFFFF	106
2993	#FFFFFF	106
2994	#FFFFFF	106
2995	#FFFFFF	106
2996	#FFFFFF	106
2997	#FFFFFF	106
2998	#FFFFFF	106
2999	#FFFFFF	106
3000	#FFFFFF	106
3001	#FFFFFF	106
3004	#FFFFFF	106
3006	#FFFFFF	229
3007	#FFFFFF	243
3009	#FFFFFF	229
3015	#FFFFFF	106
3022	#FFFFFF	243
3023	#FFFFFF	243
3024	#FFFFFF	229
3026	#FFFFFF	106
3027	#FFFFFF	106
3028	#FFFFFF	106
3029	#FFFFFF	106
3030	#FFFFFF	106
3031	#FFFFFF	106
3032	#FFFFFF	106
3033	#FFFFFF	106
3034	#FFFFFF	106
3035	#FFFFFF	106
3036	#FFFFFF	106
3037	#FFFFFF	106
3038	#FFFFFF	106
3039	#FFFFFF	106
3040	#FFFFFF	106
3041	#FFFFFF	106
3042	#FFFFFF	106
3043	#FFFFFF	106
3044	#FFFFFF	106
3045	#FFFFFF	106
3046	#FFFFFF	106
3047	#FFFFFF	106
3048	#FFFFFF	106
3049	#FFFFFF	106
3050	#FFFFFF	106
3051	#FFFFFF	229
3052	#FFFFFF	229
3055	#FFFFFF	106
3057	#FFFFFF	243
3066	#FFFFFF	106
3072	#FFFFFF	229
3073	#FFFFFF	243
3074	#FFFFFF	243
3075	#FFFFFF	229
3076	#FFFFFF	106
3077	#FFFFFF	106
3078	#FFFFFF	106
3079	#FFFFFF	106
3080	#FFFFFF	106
3082	#FFFFFF	503
3083	#FFFFFF	106
3084	#FFFFFF	106
3085	#FFFFFF	106
3086	#FFFFFF	106
3087	#FFFFFF	106
3088	#FFFFFF	106
3089	#FFFFFF	106
3090	#FFFFFF	106
3091	#FFFFFF	106
3092	#FFFFFF	106
3093	#FFFFFF	106
3094	#FFFFFF	106
3095	#FFFFFF	106
3096	#FFFFFF	106
3097	#FFFFFF	106
3098	#FFFFFF	106
3099	#FFFFFF	106
3100	#FFFFFF	106
3101	#FFFFFF	106
3105	#FFFFFF	106
3106	#FFFFFF	229
3107	#FFFFFF	229
3116	#FFFFFF	106
3122	#FFFFFF	243
3123	#FFFFFF	243
3124	#FFFFFF	122
3127	#FFFFFF	106
3128	#FFFFFF	106
3129	#FFFFFF	106
3130	#FFFFFF	106
3131	#FFFFFF	106
3132	#FFFFFF	503
3133	#FFFFFF	106
3134	#FFFFFF	503
3135	#FFFFFF	106
3136	#FFFFFF	106
3137	#FFFFFF	106
3138	#FFFFFF	106
3139	#FFFFFF	106
3140	#FFFFFF	106
3141	#FFFFFF	106
3142	#FFFFFF	106
3143	#FFFFFF	106
3144	#FFFFFF	106
3145	#FFFFFF	503
3146	#FFFFFF	106
3147	#FFFFFF	106
3148	#FFFFFF	106
3149	#FFFFFF	106
3150	#FFFFFF	106
3151	#FFFFFF	229
3155	#FFFFFF	229
3156	#FFFFFF	106
3157	#FFFFFF	229
3167	#FFFFFF	106
3171	#FFFFFF	243
3172	#FFFFFF	243
3173	#FFFFFF	243
3174	#FFFFFF	122
3176	#FFFFFF	243
3177	#FFFFFF	106
3178	#FFFFFF	106
3179	#FFFFFF	106
3180	#FFFFFF	106
3181	#FFFFFF	106
3183	#FFFFFF	503
3184	#FFFFFF	106
3185	#FFFFFF	106
3186	#FFFFFF	106
3187	#FFFFFF	106
3188	#FFFFFF	106
3189	#FFFFFF	106
3190	#FFFFFF	106
3191	#FFFFFF	106
3192	#FFFFFF	106
3193	#FFFFFF	106
3194	#FFFFFF	106
3195	#FFFFFF	503
3196	#FFFFFF	106
3197	#FFFFFF	106
3198	#FFFFFF	106
3199	#FFFFFF	106
3200	#FFFFFF	106
3202	#FFFFFF	229
3206	#FFFFFF	106
3207	#FFFFFF	229
3209	#FFFFFF	229
3217	#FFFFFF	106
3218	#FFFFFF	243
3222	#FFFFFF	243
3223	#FFFFFF	229
3228	#FFFFFF	106
3229	#FFFFFF	106
3230	#FFFFFF	106
3231	#FFFFFF	106
3232	#FFFFFF	106
3233	#FFFFFF	503
3234	#FFFFFF	503
3235	#FFFFFF	503
3236	#FFFFFF	106
3237	#FFFFFF	106
3238	#FFFFFF	106
3239	#FFFFFF	106
3240	#FFFFFF	106
3241	#FFFFFF	106
3242	#FFFFFF	106
3243	#FFFFFF	106
3244	#FFFFFF	106
3245	#FFFFFF	106
3246	#FFFFFF	503
3247	#FFFFFF	106
3248	#FFFFFF	106
3249	#FFFFFF	106
3250	#FFFFFF	106
3251	#FFFFFF	106
3252	#FFFFFF	229
3255	#FFFFFF	229
3256	#FFFFFF	229
3257	#FFFFFF	106
3262	#FFFFFF	243
3266	#FFFFFF	243
3268	#FFFFFF	106
3272	#FFFFFF	229
3274	#FFFFFF	122
3275	#FFFFFF	243
3276	#FFFFFF	187
3277	#FFFFFF	122
3278	#FFFFFF	106
3279	#FFFFFF	106
3280	#FFFFFF	106
3281	#FFFFFF	106
3282	#FFFFFF	106
3284	#FFFFFF	503
3285	#FFFFFF	503
3286	#FFFFFF	106
3287	#FFFFFF	106
3288	#FFFFFF	106
3289	#FFFFFF	106
3290	#FFFFFF	106
3291	#FFFFFF	106
3292	#FFFFFF	106
3293	#FFFFFF	106
3294	#FFFFFF	106
3295	#FFFFFF	106
3296	#FFFFFF	106
3297	#FFFFFF	106
3298	#FFFFFF	106
3299	#FFFFFF	106
3300	#FFFFFF	106
3301	#FFFFFF	106
3302	#FFFFFF	229
3305	#FFFFFF	229
3307	#FFFFFF	106
3308	#FFFFFF	229
3318	#FFFFFF	106
3322	#FFFFFF	229
3323	#FFFFFF	229
3324	#FFFFFF	229
3325	#FFFFFF	122
3326	#FFFFFF	187
3327	#FFFFFF	122
3329	#FFFFFF	106
3330	#FFFFFF	106
3331	#FFFFFF	106
3332	#FFFFFF	106
3333	#FFFFFF	106
3334	#FFFFFF	503
3335	#FFFFFF	503
3336	#FFFFFF	503
3337	#FFFFFF	106
3338	#FFFFFF	106
3339	#FFFFFF	106
3340	#FFFFFF	106
3341	#FFFFFF	106
3342	#FFFFFF	106
3343	#FFFFFF	106
3344	#FFFFFF	106
3345	#FFFFFF	106
3346	#FFFFFF	106
3347	#FFFFFF	106
3348	#FFFFFF	106
3349	#FFFFFF	106
3350	#FFFFFF	106
3351	#FFFFFF	106
3352	#FFFFFF	229
3358	#FFFFFF	106
3362	#FFFFFF	243
3369	#FFFFFF	106
3372	#FFFFFF	229
3373	#FFFFFF	229
3374	#FFFFFF	229
3376	#FFFFFF	187
3379	#FFFFFF	106
3380	#FFFFFF	106
3381	#FFFFFF	106
3382	#FFFFFF	106
3383	#FFFFFF	106
3386	#FFFFFF	265
3387	#FFFFFF	265
3388	#FFFFFF	265
3389	#FFFFFF	50
3390	#FFFFFF	106
3391	#FFFFFF	106
3392	#FFFFFF	106
3395	#FFFFFF	106
3396	#FFFFFF	106
3397	#FFFFFF	50
3398	#FFFFFF	106
3399	#FFFFFF	106
3400	#FFFFFF	106
3401	#FFFFFF	106
3402	#FFFFFF	106
3403	#FFFFFF	106
3404	#FFFFFF	106
3405	#FFFFFF	855
3406	#FFFFFF	50
3407	#FFFFFF	50
3408	#FFFFFF	265
3409	#FFFFFF	855
3411	#FFFFFF	50
3412	#FFFFFF	855
3413	#FFFFFF	50
3414	#FFFFFF	50
3415	#FFFFFF	50
3416	#FFFFFF	50
3417	#FFFFFF	50
3418	#FFFFFF	50
3419	#FFFFFF	265
3420	#FFFFFF	50
3421	#FFFFFF	217
3422	#FFFFFF	855
3423	#FFFFFF	217
3424	#FFFFFF	217
3425	#FFFFFF	217
3426	#FFFFFF	217
3427	#FFFFFF	217
3428	#FFFFFF	217
3430	#FFFFFF	265
3431	#FFFFFF	50
3432	#FFFFFF	50
3433	#FFFFFF	50
3434	#FFFFFF	50
3435	#FFFFFF	265
3436	#FFFFFF	265
3437	#FFFFFF	265
3438	#FFFFFF	265
3439	#FFFFFF	265
3440	#FFFFFF	106
3441	#FFFFFF	106
3442	#FFFFFF	106
3444	#FFFFFF	106
3445	#FFFFFF	106
3446	#FFFFFF	106
3447	#FFFFFF	106
3448	#FFFFFF	265
3449	#FFFFFF	106
3450	#FFFFFF	106
3451	#FFFFFF	106
3452	#FFFFFF	106
3453	#FFFFFF	106
3454	#FFFFFF	106
3455	#FFFFFF	855
3456	#FFFFFF	50
3457	#FFFFFF	50
3458	#FFFFFF	50
3459	#FFFFFF	265
3461	#FFFFFF	855
3462	#FFFFFF	855
3463	#FFFFFF	855
3464	#FFFFFF	50
3465	#FFFFFF	50
3466	#FFFFFF	50
3467	#FFFFFF	50
3468	#FFFFFF	855
3469	#FFFFFF	855
3470	#FFFFFF	265
3471	#FFFFFF	50
3472	#FFFFFF	855
3473	#FFFFFF	855
3474	#FFFFFF	855
3475	#FFFFFF	217
3476	#FFFFFF	217
3477	#FFFFFF	217
3478	#FFFFFF	97
3479	#FFFFFF	97
3480	#FFFFFF	265
3481	#FFFFFF	50
3482	#FFFFFF	50
3483	#FFFFFF	265
3484	#FFFFFF	265
3486	#FFFFFF	503
3487	#FFFFFF	503
3488	#FFFFFF	106
3489	#FFFFFF	106
3490	#FFFFFF	106
3491	#FFFFFF	106
3492	#FFFFFF	106
3493	#FFFFFF	106
3494	#FFFFFF	106
3495	#FFFFFF	106
3496	#FFFFFF	106
3497	#FFFFFF	106
3498	#FFFFFF	503
3499	#FFFFFF	106
3500	#FFFFFF	106
3501	#FFFFFF	106
3502	#FFFFFF	106
3503	#FFFFFF	106
3507	#FFFFFF	281
3509	#FFFFFF	106
3511	#FFFFFF	229
3520	#FFFFFF	106
3523	#FFFFFF	229
3524	#FFFFFF	229
3525	#FFFFFF	122
3529	#FFFFFF	187
3531	#FFFFFF	106
3532	#FFFFFF	106
3533	#FFFFFF	106
3534	#FFFFFF	106
3535	#FFFFFF	106
3536	#FFFFFF	106
3537	#FFFFFF	106
3538	#FFFFFF	106
3539	#FFFFFF	106
3540	#FFFFFF	106
3541	#FFFFFF	106
3542	#FFFFFF	106
3543	#FFFFFF	106
3544	#FFFFFF	106
3545	#FFFFFF	106
3546	#FFFFFF	106
3547	#FFFFFF	106
3548	#FFFFFF	106
3549	#FFFFFF	106
3550	#FFFFFF	106
3551	#FFFFFF	106
3552	#FFFFFF	106
3553	#FFFFFF	229
3556	#FFFFFF	281
3557	#FFFFFF	281
3560	#FFFFFF	106
3571	#FFFFFF	106
3573	#FFFFFF	243
3574	#FFFFFF	229
3575	#FFFFFF	122
3577	#FFFFFF	122
3579	#FFFFFF	122
3581	#FFFFFF	106
3582	#FFFFFF	106
3583	#FFFFFF	106
3584	#FFFFFF	106
3585	#FFFFFF	106
3587	#FFFFFF	106
3588	#FFFFFF	106
3589	#FFFFFF	106
3590	#FFFFFF	106
3591	#FFFFFF	106
3592	#FFFFFF	106
3593	#FFFFFF	106
3594	#FFFFFF	106
3595	#FFFFFF	106
3596	#FFFFFF	106
3597	#FFFFFF	106
3598	#FFFFFF	106
3599	#FFFFFF	106
3600	#FFFFFF	106
3601	#FFFFFF	106
3602	#FFFFFF	106
3607	#FFFFFF	281
3609	#FFFFFF	229
3610	#FFFFFF	106
3621	#FFFFFF	106
3626	#FFFFFF	122
3627	#FFFFFF	122
3629	#FFFFFF	122
3632	#FFFFFF	106
3633	#FFFFFF	106
3634	#FFFFFF	106
3635	#FFFFFF	106
3636	#FFFFFF	106
3637	#FFFFFF	106
3638	#FFFFFF	106
3639	#FFFFFF	106
3640	#FFFFFF	106
3641	#FFFFFF	106
3642	#FFFFFF	106
3643	#FFFFFF	106
3644	#FFFFFF	106
3645	#FFFFFF	106
3646	#FFFFFF	106
3647	#FFFFFF	106
3648	#FFFFFF	106
3649	#FFFFFF	106
3650	#FFFFFF	106
3651	#FFFFFF	106
3652	#FFFFFF	229
3656	#FFFFFF	229
3657	#FFFFFF	281
3661	#FFFFFF	106
3662	#FFFFFF	229
3672	#FFFFFF	106
3673	#FFFFFF	243
3674	#FFFFFF	243
3675	#FFFFFF	243
3676	#FFFFFF	243
3678	#FFFFFF	122
3679	#FFFFFF	122
3682	#FFFFFF	106
3683	#FFFFFF	106
3684	#FFFFFF	106
3685	#FFFFFF	106
3686	#FFFFFF	106
3688	#FFFFFF	503
3689	#FFFFFF	106
3690	#FFFFFF	106
3691	#FFFFFF	106
3692	#FFFFFF	106
3693	#FFFFFF	106
3694	#FFFFFF	106
3695	#FFFFFF	106
3696	#FFFFFF	106
3697	#FFFFFF	106
3698	#FFFFFF	106
3699	#FFFFFF	106
3700	#FFFFFF	106
3701	#FFFFFF	106
3702	#FFFFFF	106
3703	#FFFFFF	229
3706	#FFFFFF	229
3707	#FFFFFF	281
3711	#FFFFFF	106
3714	#FFFFFF	229
3718	#FFFFFF	243
3722	#FFFFFF	106
3723	#FFFFFF	243
3724	#FFFFFF	243
3725	#FFFFFF	243
3726	#FFFFFF	243
3733	#FFFFFF	106
3734	#FFFFFF	106
3735	#FFFFFF	106
3736	#FFFFFF	106
3737	#FFFFFF	106
3738	#FFFFFF	503
3739	#FFFFFF	503
3740	#FFFFFF	106
3741	#FFFFFF	106
3742	#FFFFFF	106
3743	#FFFFFF	106
3744	#FFFFFF	106
3745	#FFFFFF	106
3746	#FFFFFF	106
3747	#FFFFFF	106
3748	#FFFFFF	106
3749	#FFFFFF	106
3750	#FFFFFF	106
3751	#FFFFFF	106
3752	#FFFFFF	106
3756	#FFFFFF	229
3762	#FFFFFF	106
3772	#FFFFFF	229
3773	#FFFFFF	106
3774	#FFFFFF	243
3775	#FFFFFF	243
3776	#FFFFFF	243
3777	#FFFFFF	243
3779	#FFFFFF	122
3783	#FFFFFF	106
3784	#FFFFFF	106
3785	#FFFFFF	106
3786	#FFFFFF	106
3787	#FFFFFF	106
3789	#FFFFFF	503
3790	#FFFFFF	503
3791	#FFFFFF	106
3792	#FFFFFF	106
3793	#FFFFFF	106
3794	#FFFFFF	106
3795	#FFFFFF	106
3796	#FFFFFF	106
3797	#FFFFFF	106
3798	#FFFFFF	106
3799	#FFFFFF	106
3800	#FFFFFF	106
3801	#FFFFFF	106
3802	#FFFFFF	106
3803	#FFFFFF	229
3805	#FFFFFF	273
3806	#FFFFFF	229
3807	#FFFFFF	281
3808	#FFFFFF	229
3812	#FFFFFF	106
3821	#FFFFFF	229
3822	#FFFFFF	229
3823	#FFFFFF	106
3825	#FFFFFF	243
3826	#FFFFFF	243
3827	#FFFFFF	243
3828	#FFFFFF	187
3834	#FFFFFF	106
3835	#FFFFFF	106
3836	#FFFFFF	106
3837	#FFFFFF	106
3838	#FFFFFF	106
3839	#FFFFFF	503
3840	#FFFFFF	503
3841	#FFFFFF	503
3842	#FFFFFF	106
3843	#FFFFFF	106
3844	#FFFFFF	106
3845	#FFFFFF	503
3846	#FFFFFF	106
3847	#FFFFFF	106
3848	#FFFFFF	106
3849	#FFFFFF	106
3850	#FFFFFF	106
3851	#FFFFFF	106
3852	#FFFFFF	106
3853	#FFFFFF	106
3856	#FFFFFF	229
3857	#FFFFFF	281
3863	#FFFFFF	106
3872	#FFFFFF	229
3873	#FFFFFF	187
3874	#FFFFFF	106
3875	#FFFFFF	243
3877	#FFFFFF	243
3879	#FFFFFF	122
3884	#FFFFFF	106
3885	#FFFFFF	106
3886	#FFFFFF	106
3887	#FFFFFF	106
3888	#FFFFFF	106
3890	#FFFFFF	503
3891	#FFFFFF	503
3892	#FFFFFF	106
3893	#FFFFFF	106
3894	#FFFFFF	106
3895	#FFFFFF	503
3896	#FFFFFF	106
3897	#FFFFFF	106
3898	#FFFFFF	106
3899	#FFFFFF	106
3900	#FFFFFF	106
3901	#FFFFFF	106
3902	#FFFFFF	503
3903	#FFFFFF	106
3906	#FFFFFF	106
3908	#FFFFFF	229
3913	#FFFFFF	106
3923	#FFFFFF	187
3924	#FFFFFF	106
3927	#FFFFFF	187
3929	#FFFFFF	187
3933	#FFFFFF	187
3935	#FFFFFF	106
3936	#FFFFFF	503
3937	#FFFFFF	503
3938	#FFFFFF	106
3939	#FFFFFF	106
3940	#FFFFFF	503
3941	#FFFFFF	503
3942	#FFFFFF	503
3943	#FFFFFF	503
3944	#FFFFFF	106
3945	#FFFFFF	503
3946	#FFFFFF	106
3947	#FFFFFF	106
3948	#FFFFFF	106
3949	#FFFFFF	106
3950	#FFFFFF	106
3951	#FFFFFF	106
3952	#FFFFFF	106
3953	#FFFFFF	106
3957	#FFFFFF	229
3962	#FFFFFF	229
3964	#FFFFFF	106
3973	#FFFFFF	229
3974	#FFFFFF	187
3975	#FFFFFF	106
3977	#FFFFFF	187
3978	#FFFFFF	187
3979	#FFFFFF	187
3984	#FFFFFF	122
3985	#FFFFFF	106
3986	#FFFFFF	503
3987	#FFFFFF	503
3988	#FFFFFF	106
3989	#FFFFFF	503
3991	#FFFFFF	503
3992	#FFFFFF	503
3993	#FFFFFF	503
3994	#FFFFFF	503
3995	#FFFFFF	503
3996	#FFFFFF	503
3997	#FFFFFF	106
3998	#FFFFFF	106
3999	#FFFFFF	106
4000	#FFFFFF	106
4001	#FFFFFF	106
4003	#FFFFFF	503
4006	#FFFFFF	106
4007	#FFFFFF	106
4014	#FFFFFF	503
4023	#FFFFFF	229
4024	#FFFFFF	229
4025	#FFFFFF	503
4026	#FFFFFF	187
4027	#FFFFFF	187
4036	#FFFFFF	106
4037	#FFFFFF	503
4038	#FFFFFF	503
4039	#FFFFFF	503
4040	#FFFFFF	106
4042	#FFFFFF	265
4043	#FFFFFF	265
4044	#FFFFFF	265
4045	#FFFFFF	265
4046	#FFFFFF	106
4047	#FFFFFF	106
4048	#FFFFFF	106
4049	#FFFFFF	106
4050	#FFFFFF	106
4051	#FFFFFF	106
4052	#FFFFFF	106
4053	#FFFFFF	106
4055	#FFFFFF	106
4056	#FFFFFF	106
4057	#FFFFFF	106
4058	#FFFFFF	106
4059	#FFFFFF	106
4060	#FFFFFF	106
4061	#FFFFFF	855
4062	#FFFFFF	855
4063	#FFFFFF	50
4064	#FFFFFF	50
4065	#FFFFFF	265
4066	#FFFFFF	50
4067	#FFFFFF	855
4068	#FFFFFF	855
4069	#FFFFFF	855
4070	#FFFFFF	50
4071	#FFFFFF	50
4072	#FFFFFF	50
4073	#FFFFFF	50
4074	#FFFFFF	50
4075	#FFFFFF	855
4076	#FFFFFF	265
4077	#FFFFFF	855
4078	#FFFFFF	855
4079	#FFFFFF	855
4080	#FFFFFF	855
4081	#FFFFFF	855
4082	#FFFFFF	855
4083	#FFFFFF	217
4084	#FFFFFF	217
4085	#FFFFFF	97
4087	#FFFFFF	265
4088	#FFFFFF	265
4089	#FFFFFF	50
4090	#FFFFFF	50
4091	#FFFFFF	265
4092	#FFFFFF	265
4093	#FFFFFF	265
4094	#FFFFFF	265
4095	#FFFFFF	265
4096	#FFFFFF	106
4097	#FFFFFF	106
4098	#FFFFFF	106
4101	#FFFFFF	106
4102	#FFFFFF	106
4103	#FFFFFF	106
4104	#FFFFFF	106
4105	#FFFFFF	265
4106	#FFFFFF	106
4107	#FFFFFF	106
4108	#FFFFFF	106
4109	#FFFFFF	106
4110	#FFFFFF	106
4111	#FFFFFF	855
4112	#FFFFFF	855
4113	#FFFFFF	50
4114	#FFFFFF	855
4116	#FFFFFF	265
4117	#FFFFFF	855
4118	#FFFFFF	855
4119	#FFFFFF	855
4120	#FFFFFF	855
4121	#FFFFFF	50
4122	#FFFFFF	50
4123	#FFFFFF	50
4124	#FFFFFF	50
4125	#FFFFFF	50
4126	#FFFFFF	855
4127	#FFFFFF	265
4128	#FFFFFF	855
4129	#FFFFFF	855
4130	#FFFFFF	855
4131	#FFFFFF	855
4133	#FFFFFF	855
4134	#FFFFFF	217
4135	#FFFFFF	97
4136	#FFFFFF	217
4137	#FFFFFF	265
4138	#FFFFFF	265
4139	#FFFFFF	265
4140	#FFFFFF	265
4141	#FFFFFF	265
4144	#FFFFFF	265
4145	#FFFFFF	265
4146	#FFFFFF	265
4147	#FFFFFF	265
4148	#FFFFFF	106
4149	#FFFFFF	106
4150	#FFFFFF	106
4151	#FFFFFF	106
4152	#FFFFFF	106
4153	#FFFFFF	106
4154	#FFFFFF	106
4155	#FFFFFF	265
4156	#FFFFFF	106
4157	#FFFFFF	106
4158	#FFFFFF	106
4159	#FFFFFF	106
4160	#FFFFFF	106
4161	#FFFFFF	855
4162	#FFFFFF	855
4163	#FFFFFF	855
4164	#FFFFFF	855
4166	#FFFFFF	265
4167	#FFFFFF	50
4168	#FFFFFF	855
4169	#FFFFFF	855
4170	#FFFFFF	855
4171	#FFFFFF	855
4172	#FFFFFF	50
4173	#FFFFFF	50
4174	#FFFFFF	50
4175	#FFFFFF	50
4176	#FFFFFF	855
4177	#FFFFFF	265
4178	#FFFFFF	855
4179	#FFFFFF	855
4180	#FFFFFF	855
4181	#FFFFFF	855
4183	#FFFFFF	855
4184	#FFFFFF	855
4185	#FFFFFF	217
4186	#FFFFFF	217
4188	#FFFFFF	265
4189	#FFFFFF	265
4190	#FFFFFF	265
4191	#FFFFFF	265
4192	#FFFFFF	265
4194	#FFFFFF	265
4195	#FFFFFF	265
4196	#FFFFFF	265
4197	#FFFFFF	265
4198	#FFFFFF	106
4199	#FFFFFF	106
4201	#FFFFFF	106
4202	#FFFFFF	106
4203	#FFFFFF	106
4204	#FFFFFF	106
4205	#FFFFFF	106
4206	#FFFFFF	265
4207	#FFFFFF	106
4208	#FFFFFF	106
4209	#FFFFFF	106
4210	#FFFFFF	106
4211	#FFFFFF	106
4212	#FFFFFF	855
4213	#FFFFFF	855
4214	#FFFFFF	855
4216	#FFFFFF	855
4217	#FFFFFF	265
4218	#FFFFFF	855
4219	#FFFFFF	50
4220	#FFFFFF	50
4221	#FFFFFF	855
4222	#FFFFFF	50
4223	#FFFFFF	50
4224	#FFFFFF	50
4225	#FFFFFF	50
4226	#FFFFFF	50
4227	#FFFFFF	50
4228	#FFFFFF	265
4229	#FFFFFF	855
4230	#FFFFFF	855
4231	#FFFFFF	855
4232	#FFFFFF	855
4233	#FFFFFF	855
4235	#FFFFFF	217
4236	#FFFFFF	217
4237	#FFFFFF	217
4238	#FFFFFF	265
4239	#FFFFFF	265
4240	#FFFFFF	265
4241	#FFFFFF	265
4242	#FFFFFF	265
4244	#FFFFFF	486
4245	#FFFFFF	265
4246	#FFFFFF	265
4247	#FFFFFF	265
4248	#FFFFFF	265
4249	#FFFFFF	106
4250	#FFFFFF	106
4251	#FFFFFF	106
4252	#FFFFFF	106
4253	#FFFFFF	106
4254	#FFFFFF	106
4255	#FFFFFF	106
4257	#FFFFFF	106
4258	#FFFFFF	106
4259	#FFFFFF	106
4260	#FFFFFF	106
4261	#FFFFFF	106
4262	#FFFFFF	106
4263	#FFFFFF	106
4264	#FFFFFF	855
4266	#FFFFFF	855
4267	#FFFFFF	265
4268	#FFFFFF	855
4269	#FFFFFF	50
4270	#FFFFFF	50
4271	#FFFFFF	50
4272	#FFFFFF	855
4273	#FFFFFF	50
4274	#FFFFFF	50
4275	#FFFFFF	50
4276	#FFFFFF	50
4277	#FFFFFF	50
4278	#FFFFFF	265
4279	#FFFFFF	50
4280	#FFFFFF	855
4281	#FFFFFF	855
4282	#FFFFFF	855
4283	#FFFFFF	855
4284	#FFFFFF	855
4285	#FFFFFF	97
4286	#FFFFFF	217
4287	#FFFFFF	97
4290	#FFFFFF	265
4291	#FFFFFF	265
4292	#FFFFFF	265
4293	#FFFFFF	265
4294	#FFFFFF	486
4295	#FFFFFF	486
4296	#FFFFFF	265
4297	#FFFFFF	265
4298	#FFFFFF	106
4299	#FFFFFF	106
4300	#FFFFFF	106
4301	#FFFFFF	106
4302	#FFFFFF	106
4303	#FFFFFF	106
4304	#FFFFFF	106
4305	#FFFFFF	106
4306	#FFFFFF	106
4307	#FFFFFF	265
4308	#FFFFFF	106
4309	#FFFFFF	106
4310	#FFFFFF	106
4311	#FFFFFF	106
4312	#FFFFFF	106
4313	#FFFFFF	106
4314	#FFFFFF	855
4316	#FFFFFF	855
4317	#FFFFFF	855
4318	#FFFFFF	265
4319	#FFFFFF	50
4320	#FFFFFF	50
4321	#FFFFFF	50
4322	#FFFFFF	50
4323	#FFFFFF	50
4324	#FFFFFF	50
4325	#FFFFFF	50
4326	#FFFFFF	50
4327	#FFFFFF	50
4328	#FFFFFF	50
4329	#FFFFFF	265
4330	#FFFFFF	855
4331	#FFFFFF	97
4332	#FFFFFF	855
4333	#FFFFFF	855
4334	#FFFFFF	855
4335	#FFFFFF	97
4336	#FFFFFF	97
4337	#FFFFFF	97
4338	#FFFFFF	97
4339	#FFFFFF	265
4340	#FFFFFF	265
4341	#FFFFFF	265
4342	#FFFFFF	265
4343	#FFFFFF	265
4345	#FFFFFF	265
4346	#FFFFFF	265
4347	#FFFFFF	265
4348	#FFFFFF	106
4349	#FFFFFF	106
4350	#FFFFFF	106
4351	#FFFFFF	106
4353	#FFFFFF	106
4354	#FFFFFF	106
4355	#FFFFFF	106
4356	#FFFFFF	106
4357	#FFFFFF	265
4358	#FFFFFF	106
4359	#FFFFFF	106
4360	#FFFFFF	106
4361	#FFFFFF	106
4362	#FFFFFF	106
4363	#FFFFFF	106
4364	#FFFFFF	106
4366	#FFFFFF	855
4367	#FFFFFF	855
4368	#FFFFFF	265
4369	#FFFFFF	855
4370	#FFFFFF	50
4371	#FFFFFF	50
4372	#FFFFFF	50
4373	#FFFFFF	50
4374	#FFFFFF	50
4375	#FFFFFF	50
4376	#FFFFFF	50
4377	#FFFFFF	50
4378	#FFFFFF	855
4379	#FFFFFF	265
4380	#FFFFFF	855
4381	#FFFFFF	97
4382	#FFFFFF	97
4383	#FFFFFF	97
4384	#FFFFFF	855
4385	#FFFFFF	97
4386	#FFFFFF	97
4387	#FFFFFF	97
4388	#FFFFFF	97
4391	#FFFFFF	265
4392	#FFFFFF	265
4393	#FFFFFF	265
4394	#FFFFFF	265
4395	#FFFFFF	486
4396	#FFFFFF	265
4397	#FFFFFF	265
4399	#FFFFFF	106
4400	#FFFFFF	106
4401	#FFFFFF	106
4402	#FFFFFF	106
4403	#FFFFFF	106
4404	#FFFFFF	106
4405	#FFFFFF	106
4406	#FFFFFF	106
4407	#FFFFFF	106
4408	#FFFFFF	265
4409	#FFFFFF	106
4410	#FFFFFF	106
4411	#FFFFFF	106
4412	#FFFFFF	106
4413	#FFFFFF	106
4414	#FFFFFF	855
4416	#FFFFFF	855
4417	#FFFFFF	855
4418	#FFFFFF	855
4419	#FFFFFF	265
4420	#FFFFFF	855
4421	#FFFFFF	50
4422	#FFFFFF	50
4423	#FFFFFF	50
4425	#FFFFFF	50
4426	#FFFFFF	50
4427	#FFFFFF	50
4428	#FFFFFF	50
4429	#FFFFFF	855
4431	#FFFFFF	97
4432	#FFFFFF	97
4433	#FFFFFF	97
4434	#FFFFFF	97
4435	#FFFFFF	97
4436	#FFFFFF	97
4437	#FFFFFF	97
4438	#FFFFFF	97
4439	#FFFFFF	97
4440	#FFFFFF	265
4441	#FFFFFF	265
4442	#FFFFFF	265
4443	#FFFFFF	307
4444	#FFFFFF	265
4446	#FFFFFF	265
4447	#FFFFFF	265
4448	#FFFFFF	265
4449	#FFFFFF	106
4450	#FFFFFF	106
4451	#FFFFFF	106
4452	#FFFFFF	106
4453	#FFFFFF	106
4454	#FFFFFF	106
4455	#FFFFFF	106
4456	#FFFFFF	106
4457	#FFFFFF	106
4458	#FFFFFF	265
4459	#FFFFFF	106
4460	#FFFFFF	106
4461	#FFFFFF	106
4462	#FFFFFF	106
4463	#FFFFFF	106
4464	#FFFFFF	855
4466	#FFFFFF	855
4467	#FFFFFF	855
4468	#FFFFFF	855
4469	#FFFFFF	265
4470	#FFFFFF	855
4471	#FFFFFF	855
4472	#FFFFFF	855
4473	#FFFFFF	50
4474	#FFFFFF	50
4475	#FFFFFF	50
4476	#FFFFFF	50
4477	#FFFFFF	50
4478	#FFFFFF	855
4479	#FFFFFF	855
4480	#FFFFFF	265
4481	#FFFFFF	97
4482	#FFFFFF	97
4483	#FFFFFF	97
4484	#FFFFFF	97
4485	#FFFFFF	97
4486	#FFFFFF	97
4487	#FFFFFF	97
4488	#FFFFFF	97
4489	#FFFFFF	97
4491	#FFFFFF	265
4492	#FFFFFF	265
4493	#FFFFFF	265
4494	#FFFFFF	307
4496	#FFFFFF	265
4497	#FFFFFF	307
4498	#FFFFFF	265
4499	#FFFFFF	106
4500	#FFFFFF	265
4501	#FFFFFF	106
4502	#FFFFFF	106
4503	#FFFFFF	106
4504	#FFFFFF	106
4505	#FFFFFF	106
4506	#FFFFFF	106
4507	#FFFFFF	106
4508	#FFFFFF	106
4510	#FFFFFF	106
4511	#FFFFFF	106
4512	#FFFFFF	106
4513	#FFFFFF	106
4514	#FFFFFF	106
4516	#FFFFFF	855
4517	#FFFFFF	855
4518	#FFFFFF	855
4519	#FFFFFF	855
4520	#FFFFFF	265
4521	#FFFFFF	855
4522	#FFFFFF	855
4523	#FFFFFF	855
4524	#FFFFFF	50
4525	#FFFFFF	50
4526	#FFFFFF	50
4527	#FFFFFF	50
4528	#FFFFFF	855
4529	#FFFFFF	855
4530	#FFFFFF	97
4531	#FFFFFF	265
4532	#FFFFFF	97
4533	#FFFFFF	97
4534	#FFFFFF	97
4535	#FFFFFF	97
4536	#FFFFFF	97
4537	#FFFFFF	97
4538	#FFFFFF	97
4539	#FFFFFF	97
4540	#FFFFFF	97
4541	#FFFFFF	265
4542	#FFFFFF	265
4543	#FFFFFF	265
4545	#FFFFFF	265
4547	#FFFFFF	50
4548	#FFFFFF	50
4549	#FFFFFF	50
4550	#FFFFFF	50
4551	#FFFFFF	50
4552	#FFFFFF	50
4553	#FFFFFF	50
4554	#FFFFFF	50
4555	#FFFFFF	106
4556	#FFFFFF	106
4557	#FFFFFF	106
4558	#FFFFFF	106
4559	#FFFFFF	50
4560	#FFFFFF	106
4561	#FFFFFF	106
4562	#FFFFFF	106
4563	#FFFFFF	106
4564	#FFFFFF	106
4565	#FFFFFF	106
4566	#FFFFFF	106
4567	#FFFFFF	50
4568	#FFFFFF	50
4569	#FFFFFF	50
4570	#FFFFFF	50
4571	#FFFFFF	509
4572	#FFFFFF	509
4573	#FFFFFF	509
4574	#FFFFFF	509
4575	#FFFFFF	50
4577	#FFFFFF	50
4578	#FFFFFF	50
4579	#FFFFFF	50
4580	#FFFFFF	217
4582	#FFFFFF	217
4583	#FFFFFF	217
4585	#FFFFFF	217
4586	#FFFFFF	217
4587	#FFFFFF	217
4588	#FFFFFF	217
4589	#FFFFFF	217
4590	#FFFFFF	217
4592	#FFFFFF	50
4593	#FFFFFF	50
4594	#FFFFFF	50
4595	#FFFFFF	50
4596	#FFFFFF	50
4597	#FFFFFF	50
4598	#FFFFFF	50
4600	#FFFFFF	50
4601	#FFFFFF	50
4602	#FFFFFF	50
4603	#FFFFFF	50
4604	#FFFFFF	50
4605	#FFFFFF	50
4606	#FFFFFF	106
4607	#FFFFFF	106
4608	#FFFFFF	106
4609	#FFFFFF	106
4610	#FFFFFF	50
4611	#FFFFFF	106
4612	#FFFFFF	106
4613	#FFFFFF	106
4614	#FFFFFF	106
4615	#FFFFFF	106
4616	#FFFFFF	106
4617	#FFFFFF	106
4618	#FFFFFF	50
4619	#FFFFFF	50
4620	#FFFFFF	50
4622	#FFFFFF	509
4623	#FFFFFF	50
4624	#FFFFFF	509
4625	#FFFFFF	50
4626	#FFFFFF	50
4628	#FFFFFF	50
4629	#FFFFFF	50
4630	#FFFFFF	217
4632	#FFFFFF	50
4633	#FFFFFF	217
4634	#FFFFFF	217
4635	#FFFFFF	217
4636	#FFFFFF	217
4637	#FFFFFF	217
4638	#FFFFFF	217
4639	#FFFFFF	217
4640	#FFFFFF	217
4641	#FFFFFF	217
4642	#FFFFFF	50
4643	#FFFFFF	50
4644	#FFFFFF	50
4645	#FFFFFF	50
4646	#FFFFFF	50
4648	#FFFFFF	50
4649	#FFFFFF	50
4650	#FFFFFF	50
4651	#FFFFFF	50
4652	#FFFFFF	50
4653	#FFFFFF	50
4654	#FFFFFF	50
4655	#FFFFFF	50
4656	#FFFFFF	106
4657	#FFFFFF	106
4658	#FFFFFF	106
4659	#FFFFFF	106
4660	#FFFFFF	50
4661	#FFFFFF	106
4662	#FFFFFF	106
4663	#FFFFFF	106
4664	#FFFFFF	106
4665	#FFFFFF	106
4666	#FFFFFF	106
4667	#FFFFFF	50
4668	#FFFFFF	106
4669	#FFFFFF	50
4670	#FFFFFF	50
4671	#FFFFFF	50
4672	#FFFFFF	509
4673	#FFFFFF	50
4674	#FFFFFF	509
4675	#FFFFFF	50
4676	#FFFFFF	50
4677	#FFFFFF	50
4679	#FFFFFF	50
4680	#FFFFFF	217
4681	#FFFFFF	217
4682	#FFFFFF	50
4683	#FFFFFF	217
4684	#FFFFFF	217
4685	#FFFFFF	217
4686	#FFFFFF	217
4687	#FFFFFF	217
4688	#FFFFFF	217
4689	#FFFFFF	217
4690	#FFFFFF	217
4691	#FFFFFF	217
4693	#FFFFFF	50
4694	#FFFFFF	50
4695	#FFFFFF	50
4696	#FFFFFF	50
4697	#FFFFFF	50
4698	#FFFFFF	50
4699	#FFFFFF	50
4700	#FFFFFF	50
4701	#FFFFFF	50
4702	#FFFFFF	50
4703	#FFFFFF	50
4704	#FFFFFF	50
4705	#FFFFFF	50
4706	#FFFFFF	106
4707	#FFFFFF	106
4708	#FFFFFF	106
4709	#FFFFFF	106
4710	#FFFFFF	106
4711	#FFFFFF	50
4712	#FFFFFF	106
4713	#FFFFFF	106
4714	#FFFFFF	106
4715	#FFFFFF	106
4716	#FFFFFF	106
4717	#FFFFFF	106
4718	#FFFFFF	50
4719	#FFFFFF	50
4720	#FFFFFF	50
4721	#FFFFFF	50
4722	#FFFFFF	50
4723	#FFFFFF	50
4724	#FFFFFF	50
4725	#FFFFFF	509
4726	#FFFFFF	50
4727	#FFFFFF	50
4728	#FFFFFF	50
4729	#FFFFFF	50
4730	#FFFFFF	50
4731	#FFFFFF	50
4732	#FFFFFF	217
4733	#FFFFFF	50
4734	#FFFFFF	217
4735	#FFFFFF	50
4736	#FFFFFF	217
4737	#FFFFFF	217
4738	#FFFFFF	217
4739	#FFFFFF	217
4740	#FFFFFF	217
4741	#FFFFFF	217
4742	#FFFFFF	217
4743	#FFFFFF	50
4744	#FFFFFF	50
4745	#FFFFFF	50
4746	#FFFFFF	50
4747	#FFFFFF	50
4749	#FFFFFF	50
4750	#FFFFFF	50
4751	#FFFFFF	50
4752	#FFFFFF	50
4753	#FFFFFF	50
4754	#FFFFFF	50
4755	#FFFFFF	50
4756	#FFFFFF	106
4757	#FFFFFF	106
4758	#FFFFFF	106
4759	#FFFFFF	106
4760	#FFFFFF	106
4761	#FFFFFF	50
4762	#FFFFFF	106
4763	#FFFFFF	106
4764	#FFFFFF	106
4765	#FFFFFF	106
4766	#FFFFFF	50
4767	#FFFFFF	50
4768	#FFFFFF	50
4769	#FFFFFF	50
4770	#FFFFFF	50
4771	#FFFFFF	50
4772	#FFFFFF	50
4773	#FFFFFF	50
4774	#FFFFFF	50
4775	#FFFFFF	509
4776	#FFFFFF	50
4777	#FFFFFF	50
4778	#FFFFFF	50
4779	#FFFFFF	50
4781	#FFFFFF	50
4782	#FFFFFF	217
4783	#FFFFFF	50
4784	#FFFFFF	50
4785	#FFFFFF	50
4786	#FFFFFF	217
4787	#FFFFFF	217
4788	#FFFFFF	217
4789	#FFFFFF	217
4790	#FFFFFF	217
4791	#FFFFFF	217
4792	#FFFFFF	217
4794	#FFFFFF	50
4795	#FFFFFF	50
4796	#FFFFFF	50
4797	#FFFFFF	50
4798	#FFFFFF	50
4799	#FFFFFF	50
4800	#FFFFFF	50
4801	#FFFFFF	50
4802	#FFFFFF	393
4803	#FFFFFF	50
4804	#FFFFFF	50
4805	#FFFFFF	50
4806	#FFFFFF	50
4807	#FFFFFF	106
4808	#FFFFFF	106
4809	#FFFFFF	106
4810	#FFFFFF	106
4811	#FFFFFF	106
4812	#FFFFFF	50
4813	#FFFFFF	106
4814	#FFFFFF	106
4815	#FFFFFF	106
4816	#FFFFFF	106
4817	#FFFFFF	50
4818	#FFFFFF	50
4819	#FFFFFF	50
4820	#FFFFFF	50
4821	#FFFFFF	50
4822	#FFFFFF	50
4823	#FFFFFF	50
4824	#FFFFFF	50
4825	#FFFFFF	50
4826	#FFFFFF	509
4827	#FFFFFF	50
4828	#FFFFFF	50
4829	#FFFFFF	50
4830	#FFFFFF	50
4832	#FFFFFF	50
4833	#FFFFFF	217
4835	#FFFFFF	50
4836	#FFFFFF	50
4837	#FFFFFF	217
4838	#FFFFFF	217
4839	#FFFFFF	217
4840	#FFFFFF	217
4842	#FFFFFF	217
4843	#FFFFFF	217
4844	#FFFFFF	50
4845	#FFFFFF	50
4846	#FFFFFF	50
4847	#FFFFFF	50
4848	#FFFFFF	50
4850	#FFFFFF	50
4851	#FFFFFF	50
4852	#FFFFFF	393
4853	#FFFFFF	393
4854	#FFFFFF	50
4855	#FFFFFF	50
4856	#FFFFFF	50
4857	#FFFFFF	106
4858	#FFFFFF	106
4859	#FFFFFF	106
4860	#FFFFFF	106
4861	#FFFFFF	106
4862	#FFFFFF	50
4863	#FFFFFF	106
4864	#FFFFFF	106
4865	#FFFFFF	106
4866	#FFFFFF	106
4867	#FFFFFF	106
4868	#FFFFFF	50
4869	#FFFFFF	50
4870	#FFFFFF	50
4871	#FFFFFF	50
4872	#FFFFFF	50
4873	#FFFFFF	50
4874	#FFFFFF	50
4875	#FFFFFF	509
4876	#FFFFFF	509
4877	#FFFFFF	509
4878	#FFFFFF	50
4879	#FFFFFF	50
4880	#FFFFFF	50
4881	#FFFFFF	50
4883	#FFFFFF	50
4884	#FFFFFF	50
4885	#FFFFFF	50
4886	#FFFFFF	217
4887	#FFFFFF	217
4888	#FFFFFF	217
4889	#FFFFFF	217
4890	#FFFFFF	217
4891	#FFFFFF	217
4892	#FFFFFF	217
4893	#FFFFFF	217
4895	#FFFFFF	50
4897	#FFFFFF	393
4898	#FFFFFF	50
4900	#FFFFFF	50
4901	#FFFFFF	50
4902	#FFFFFF	50
4903	#FFFFFF	50
4904	#FFFFFF	50
4905	#FFFFFF	50
4906	#FFFFFF	50
4907	#FFFFFF	50
4908	#FFFFFF	106
4909	#FFFFFF	106
4910	#FFFFFF	106
4911	#FFFFFF	106
4912	#FFFFFF	106
4913	#FFFFFF	50
4914	#FFFFFF	106
4915	#FFFFFF	106
4916	#FFFFFF	106
4917	#FFFFFF	50
4918	#FFFFFF	50
4919	#FFFFFF	50
4920	#FFFFFF	50
4921	#FFFFFF	50
4922	#FFFFFF	50
4923	#FFFFFF	50
4924	#FFFFFF	50
4925	#FFFFFF	509
4926	#FFFFFF	509
4927	#FFFFFF	50
4928	#FFFFFF	50
4929	#FFFFFF	50
4930	#FFFFFF	509
4931	#FFFFFF	50
4932	#FFFFFF	50
4934	#FFFFFF	50
4935	#FFFFFF	50
4936	#FFFFFF	50
4937	#FFFFFF	217
4938	#FFFFFF	217
4939	#FFFFFF	217
4940	#FFFFFF	217
4942	#FFFFFF	217
4943	#FFFFFF	217
4944	#FFFFFF	217
4945	#FFFFFF	50
4946	#FFFFFF	393
4947	#FFFFFF	50
4948	#FFFFFF	50
4949	#FFFFFF	393
4951	#FFFFFF	50
4952	#FFFFFF	104
4953	#FFFFFF	393
4954	#FFFFFF	50
4955	#FFFFFF	50
4956	#FFFFFF	106
4957	#FFFFFF	50
4958	#FFFFFF	106
4959	#FFFFFF	106
4960	#FFFFFF	106
4961	#FFFFFF	106
4962	#FFFFFF	106
4963	#FFFFFF	50
4964	#FFFFFF	106
4965	#FFFFFF	106
4966	#FFFFFF	106
4967	#FFFFFF	50
4968	#FFFFFF	50
4969	#FFFFFF	50
4970	#FFFFFF	50
4971	#FFFFFF	50
4972	#FFFFFF	50
4973	#FFFFFF	50
4974	#FFFFFF	50
4975	#FFFFFF	50
4976	#FFFFFF	509
4977	#FFFFFF	509
4978	#FFFFFF	50
4979	#FFFFFF	509
4980	#FFFFFF	509
4981	#FFFFFF	50
4982	#FFFFFF	50
4983	#FFFFFF	50
4985	#FFFFFF	50
4986	#FFFFFF	50
4987	#FFFFFF	217
4988	#FFFFFF	217
4989	#FFFFFF	217
4990	#FFFFFF	217
4991	#FFFFFF	217
4992	#FFFFFF	217
4993	#FFFFFF	217
4994	#FFFFFF	217
4996	#FFFFFF	50
4997	#FFFFFF	50
4998	#FFFFFF	393
4999	#FFFFFF	393
5000	#FFFFFF	393
5001	#FFFFFF	50
5002	#FFFFFF	104
5003	#FFFFFF	104
5004	#FFFFFF	50
5005	#FFFFFF	50
5006	#FFFFFF	106
5007	#FFFFFF	106
5008	#FFFFFF	106
5009	#FFFFFF	50
5010	#FFFFFF	50
5011	#FFFFFF	106
5012	#FFFFFF	106
5013	#FFFFFF	106
5014	#FFFFFF	50
5015	#FFFFFF	106
5016	#FFFFFF	106
5017	#FFFFFF	106
5018	#FFFFFF	50
5019	#FFFFFF	50
5020	#FFFFFF	50
5021	#FFFFFF	50
5022	#FFFFFF	50
5023	#FFFFFF	50
5024	#FFFFFF	50
5025	#FFFFFF	50
5026	#FFFFFF	50
5027	#FFFFFF	509
5028	#FFFFFF	509
5029	#FFFFFF	50
5030	#FFFFFF	509
5031	#FFFFFF	509
5032	#FFFFFF	50
5033	#FFFFFF	50
5034	#FFFFFF	50
5036	#FFFFFF	50
5037	#FFFFFF	50
5038	#FFFFFF	217
5039	#FFFFFF	217
5040	#FFFFFF	217
5041	#FFFFFF	217
5042	#FFFFFF	217
5043	#FFFFFF	217
5044	#FFFFFF	217
5046	#FFFFFF	50
5047	#FFFFFF	393
5048	#FFFFFF	393
5049	#FFFFFF	393
5050	#FFFFFF	393
5052	#FFFFFF	104
5053	#FFFFFF	50
5054	#FFFFFF	50
5055	#FFFFFF	50
5056	#FFFFFF	50
5057	#FFFFFF	106
5058	#FFFFFF	106
5059	#FFFFFF	50
5060	#FFFFFF	50
5061	#FFFFFF	50
5062	#FFFFFF	50
5063	#FFFFFF	106
5064	#FFFFFF	50
5065	#FFFFFF	106
5066	#FFFFFF	106
5067	#FFFFFF	106
5068	#FFFFFF	50
5069	#FFFFFF	50
5070	#FFFFFF	50
5071	#FFFFFF	50
5072	#FFFFFF	50
5073	#FFFFFF	50
5074	#FFFFFF	50
5075	#FFFFFF	50
5076	#FFFFFF	50
5077	#FFFFFF	50
5078	#FFFFFF	509
5079	#FFFFFF	509
5080	#FFFFFF	509
5081	#FFFFFF	509
5082	#FFFFFF	50
5083	#FFFFFF	50
5084	#FFFFFF	50
5085	#FFFFFF	50
5086	#FFFFFF	50
5088	#FFFFFF	217
5089	#FFFFFF	217
5090	#FFFFFF	217
5091	#FFFFFF	217
5092	#FFFFFF	217
5093	#FFFFFF	217
5094	#FFFFFF	217
5095	#FFFFFF	217
5097	#FFFFFF	50
5098	#FFFFFF	393
5099	#FFFFFF	393
5101	#FFFFFF	393
