x	y	clickSelects
-0.12042999437634	-1.66726433719759	106
0.09768707184005	-2.24855442321639	211
-0.0692341860968999	-2.08274695582973	688
-0.0759387404754299	0.224489751683409	354
0.03875912146591	0.34257311702839	354
0.11387702533286	-1.09389215644954	354
-0.04030217331135	-0.456589273369046	107
-0.0753780655846601	0.292542234876739	176
-0.12158029451431	0.961752594561057	176
-0.05718034719489	0.209748080991783	37
-0.09180642875062	-1.93484858769583	37
-0.0270606844432999	-0.415582796701175	415
-0.0414627432367001	0.306311411249014	415
