x	y	clickSelects	showSelected1
-0.123934278413828	1	1	log2(tiles)=5.00 log10(pixels)=4.50
0.00839780409550883	1	2	log2(tiles)=2.25 log10(pixels)=3.25
0.0245169657285498	1	3	log2(tiles)=3.50 log10(pixels)=3.75
0.0773692730538254	1	4	log2(tiles)=1.50 log10(pixels)=2.75
-0.0833761326158165	1	5	log2(tiles)=4.50 log10(pixels)=4.50
-0.00947941394633522	1	6	log2(tiles)=3.50 log10(pixels)=3.75
-0.0477842241988684	1	7	log2(tiles)=2.25 log10(pixels)=3.25
0.0881360887005513	1	8	log2(tiles)=2.25 log10(pixels)=3.00
-0.00212229418020993	1	9	log2(tiles)=3.25 log10(pixels)=3.75
-0.0751388592621884	1	10	log2(tiles)=1.00 log10(pixels)=2.75
0.0254495695162671	1	11	log2(tiles)=4.75 log10(pixels)=4.25
0.0193773260761385	1	12	log2(tiles)=2.00 log10(pixels)=2.75
-0.00397017158892332	1	13	log2(tiles)=3.25 log10(pixels)=4.00
0.109578546904387	1	14	log2(tiles)=2.75 log10(pixels)=3.00
0.0898487830376369	1	15	log2(tiles)=2.75 log10(pixels)=3.25
0.102182518111363	1	16	log2(tiles)=2.00 log10(pixels)=2.25
-0.00459443685380689	1	17	log2(tiles)=2.75 log10(pixels)=3.50
-0.102372908709559	1	18	log2(tiles)=3.50 log10(pixels)=4.00
0.11302529622947	1	19	log2(tiles)=3.00 log10(pixels)=3.75
0.057025722386383	1	20	log2(tiles)=2.75 log10(pixels)=3.50
0.0667249841904996	1	21	log2(tiles)=4.00 log10(pixels)=4.25
0.077404246398098	1	22	log2(tiles)=3.50 log10(pixels)=4.00
0.0611013836490559	1	23	log2(tiles)=2.50 log10(pixels)=3.50
-0.0182756166714837	1	24	log2(tiles)=2.25 log10(pixels)=3.25
0.110971883725936	1	25	log2(tiles)=2.50 log10(pixels)=3.25
-0.0814454694497266	1	26	log2(tiles)=2.00 log10(pixels)=3.00
-0.00649023527157011	1	27	log2(tiles)=3.00 log10(pixels)=3.75
-0.0634862575211068	1	28	log2(tiles)=1.50 log10(pixels)=3.00
-0.0797541469258758	1	29	log2(tiles)=0.00 log10(pixels)=2.75
0.117000341120899	1	30	log2(tiles)=2.00 log10(pixels)=2.50
0.0898487830376369	1	31	log2(tiles)=2.50 log10(pixels)=3.25
0.118644438394826	1	32	log2(tiles)=0.00 log10(pixels)=2.75
-0.100178536775435	1	33	log2(tiles)=2.50 log10(pixels)=3.75
-0.0198492747267194	1	34	log2(tiles)=2.75 log10(pixels)=3.50
-0.05873709068105	1	35	log2(tiles)=3.00 log10(pixels)=4.00
0.112269768417271	1	36	log2(tiles)=2.50 log10(pixels)=3.00
-0.013462738511306	1	37	log2(tiles)=1.50 log10(pixels)=3.25
-0.104848408495458	1	38	log2(tiles)=2.00 log10(pixels)=3.50
0.0124510897304293	1	39	log2(tiles)=1.50 log10(pixels)=2.25
0.110021024664145	1	40	log2(tiles)=4.25 log10(pixels)=3.50
0.0164128471123997	1	41	log2(tiles)=2.00 log10(pixels)=2.75
0.110553705317094	1	42	log2(tiles)=2.75 log10(pixels)=3.50
-0.0962048572589649	1	43	log2(tiles)=3.25 log10(pixels)=4.00
-0.0880927072339794	1	44	log2(tiles)=2.25 log10(pixels)=3.75
0.00173371280900048	1	45	log2(tiles)=1.00 log10(pixels)=3.00
-0.0847260906471119	1	46	log2(tiles)=4.00 log10(pixels)=4.50
0.00285303097989331	1	47	log2(tiles)=2.25 log10(pixels)=3.25
0.00551371281953328	1	48	log2(tiles)=2.25 log10(pixels)=3.25
-0.102014679316195	1	49	log2(tiles)=3.50 log10(pixels)=4.25
0.0327806682491261	1	50	log2(tiles)=4.50 log10(pixels)=4.25
-0.0668440845659868	1	51	log2(tiles)=4.00 log10(pixels)=4.25
0.0493405494535817	1	52	log2(tiles)=2.75 log10(pixels)=3.75
-0.0744881866365521	1	53	log2(tiles)=2.00 log10(pixels)=3.25
-0.0886319977650252	1	54	log2(tiles)=0.00 log10(pixels)=2.25
-0.023907793742409	1	55	log2(tiles)=4.75 log10(pixels)=4.50
0.0340261060561349	1	56	log2(tiles)=1.00 log10(pixels)=2.50
0.0983667964393309	1	57	log2(tiles)=5.25 log10(pixels)=4.00
0.0182843084265309	1	58	log2(tiles)=2.00 log10(pixels)=3.00
-0.0418341421444599	1	59	log2(tiles)=3.25 log10(pixels)=3.75
-0.0710230527068307	1	60	log2(tiles)=0.00 log10(pixels)=2.25
0.0195129442179161	1	61	log2(tiles)=2.25 log10(pixels)=3.25
-0.0951662833800619	1	62	log2(tiles)=1.00 log10(pixels)=2.50
0.0748994970523134	1	63	log2(tiles)=2.00 log10(pixels)=3.25
0.0314084642516241	1	64	log2(tiles)=2.00 log10(pixels)=3.00
0.0237464668115646	1	65	log2(tiles)=1.50 log10(pixels)=2.50
0.00105926221775166	1	66	log2(tiles)=1.00 log10(pixels)=2.50
-0.0188441291719648	1	67	log2(tiles)=2.00 log10(pixels)=3.50
-0.117740310468955	1	68	log2(tiles)=1.50 log10(pixels)=3.25
-0.0407300390241692	1	69	log2(tiles)=2.00 log10(pixels)=2.75
-0.122634143407268	1	70	log2(tiles)=1.50 log10(pixels)=2.75
-0.0977116556169433	1	71	log2(tiles)=2.50 log10(pixels)=3.25
0.0920472885096379	1	72	log2(tiles)=3.25 log10(pixels)=3.75
-0.114516253185088	1	73	log2(tiles)=1.50 log10(pixels)=2.75
-0.115771230367396	1	74	log2(tiles)=1.00 log10(pixels)=3.00
0.0273720828276121	1	75	log2(tiles)=2.50 log10(pixels)=3.50
0.107934847000454	1	76	log2(tiles)=0.00 log10(pixels)=2.25
0.00527250510330601	1	77	log2(tiles)=1.00 log10(pixels)=2.25
-0.122634143407268	1	78	log2(tiles)=1.00 log10(pixels)=2.75
-0.0543957967264026	1	79	log2(tiles)=1.00 log10(pixels)=2.50
0.103637381958595	1	80	log2(tiles)=3.50 log10(pixels)=3.75
0.0983048630481607	1	81	log2(tiles)=1.00 log10(pixels)=2.25
0.100829273582968	1	82	log2(tiles)=2.00 log10(pixels)=3.25
0.0617538610557542	1	83	log2(tiles)=2.00 log10(pixels)=2.25
0.0972573096934202	1	84	log2(tiles)=2.00 log10(pixels)=3.00
0.0637085593914173	1	85	log2(tiles)=2.00 log10(pixels)=3.00
-0.110833915635467	1	86	log2(tiles)=1.50 log10(pixels)=2.50
-0.0254883072626715	1	87	log2(tiles)=1.00 log10(pixels)=3.00
-0.0565368727804687	1	88	log2(tiles)=2.75 log10(pixels)=3.75
-0.10010379284124	1	89	log2(tiles)=3.50 log10(pixels)=4.25
0.0623889493705918	1	90	log2(tiles)=2.50 log10(pixels)=3.25
0.114277296561586	1	91	log2(tiles)=1.00 log10(pixels)=3.00
-0.0390368810047241	1	92	log2(tiles)=2.00 log10(pixels)=2.75
-0.0419668075034938	1	93	log2(tiles)=2.00 log10(pixels)=3.50
-0.0154154707171572	1	94	log2(tiles)=2.50 log10(pixels)=3.50
0.0423356478849231	1	95	log2(tiles)=5.50 log10(pixels)=4.75
0.0754261177678233	1	96	log2(tiles)=2.00 log10(pixels)=2.75
0.0870199485409082	1	97	log2(tiles)=3.25 log10(pixels)=3.75
-0.0348326421515424	1	98	log2(tiles)=1.00 log10(pixels)=2.75
-0.124007361204392	1	99	log2(tiles)=4.50 log10(pixels)=4.50
-0.112788199686269	1	100	log2(tiles)=2.25 log10(pixels)=3.50
-0.0580348972326394	1	101	log2(tiles)=2.00 log10(pixels)=2.75
-0.0946639625349381	1	102	log2(tiles)=0.00 log10(pixels)=2.25
-0.00445566245355167	1	103	log2(tiles)=1.00 log10(pixels)=2.50
0.10530504614111	1	104	log2(tiles)=1.50 log10(pixels)=2.50
0.0548206787211623	1	105	log2(tiles)=2.50 log10(pixels)=2.75
-0.0782809345541802	1	106	log2(tiles)=4.50 log10(pixels)=4.50
0.0185139398778875	1	107	log2(tiles)=0.00 log10(pixels)=2.50
-0.0439276630048169	1	108	log2(tiles)=3.25 log10(pixels)=4.00
-0.0257241303992108	1	109	log2(tiles)=2.00 log10(pixels)=2.75
0.0977430589448778	1	110	log2(tiles)=3.75 log10(pixels)=4.00
0.0170333392987803	1	111	log2(tiles)=3.75 log10(pixels)=3.00
-0.113509274827518	1	112	log2(tiles)=0.00 log10(pixels)=2.00
0.0943925503754266	1	113	log2(tiles)=0.00 log10(pixels)=2.50
-0.07727454200674	1	114	log2(tiles)=1.50 log10(pixels)=3.00
0.00212530729789817	1	115	log2(tiles)=3.25 log10(pixels)=3.75
-0.0723930472795069	1	116	log2(tiles)=2.50 log10(pixels)=2.75
-0.0216462179787715	1	117	log2(tiles)=1.50 log10(pixels)=2.75
0.0166155475571772	1	118	log2(tiles)=1.00 log10(pixels)=3.00
-0.0695604052332999	1	119	log2(tiles)=0.00 log10(pixels)=3.00
-0.121611069949688	1	120	log2(tiles)=2.00 log10(pixels)=2.75
-0.119344650977969	1	121	log2(tiles)=1.50 log10(pixels)=3.25
0.0876588910261424	1	122	log2(tiles)=2.50 log10(pixels)=3.25
0.0411467617318855	1	123	log2(tiles)=2.00 log10(pixels)=3.25
0.00432137378264263	1	124	log2(tiles)=1.00 log10(pixels)=2.00
0.1154879848909	1	125	log2(tiles)=1.50 log10(pixels)=2.25
0.088854746252323	1	126	log2(tiles)=2.25 log10(pixels)=3.25
0.116287339084195	1	127	log2(tiles)=2.50 log10(pixels)=2.75
0.0281512503836436	1	128	log2(tiles)=0.00 log10(pixels)=1.75
0.0310333672477277	1	129	log2(tiles)=1.00 log10(pixels)=2.25
-0.0598039199714864	1	130	log2(tiles)=1.00 log10(pixels)=1.75
-0.0714816209598861	1	131	log2(tiles)=1.00 log10(pixels)=2.75
-0.0596683018297086	1	132	log2(tiles)=2.00 log10(pixels)=2.25
0.0854607295085006	1	133	log2(tiles)=1.00 log10(pixels)=2.50
0.113841821876069	1	134	log2(tiles)=1.00 log10(pixels)=2.50
-0.080044251510242	1	135	log2(tiles)=0.00 log10(pixels)=2.50
-0.118615343229427	1	136	log2(tiles)=2.50 log10(pixels)=3.00
0.0875884382355112	1	137	log2(tiles)=2.25 log10(pixels)=2.75
-0.0543957967264026	2	138	log2(tiles)=1.00 log10(pixels)=2.50
0.035829825252828	1	139	log2(tiles)=1.00 log10(pixels)=3.00
-0.0268721464003012	1	140	log2(tiles)=1.50 log10(pixels)=3.00
0.0606978403536118	1	141	log2(tiles)=1.00 log10(pixels)=2.00
0.0904441148401185	1	142	log2(tiles)=0.00 log10(pixels)=2.25
-0.063837352959244	1	143	log2(tiles)=1.00 log10(pixels)=2.50
-0.123659632624958	1	144	log2(tiles)=2.25 log10(pixels)=2.75
0.102059991327963	1	145	log2(tiles)=1.00 log10(pixels)=2.50
0.0947854678195581	1	146	log2(tiles)=3.00 log10(pixels)=4.00
-0.0442417968958631	1	147	log2(tiles)=2.75 log10(pixels)=3.50
0.0211892990699383	1	148	log2(tiles)=1.00 log10(pixels)=2.00
-0.0319842860063582	1	149	log2(tiles)=2.00 log10(pixels)=3.00
-0.0834820194451194	1	150	log2(tiles)=2.00 log10(pixels)=2.75
0	1	151	log2(tiles)=0.00 log10(pixels)=2.00
-0.0119538968712045	1	152	log2(tiles)=0.00 log10(pixels)=2.25
0.0301996982030821	1	153	log2(tiles)=1.00 log10(pixels)=2.50
0.102059991327963	2	154	log2(tiles)=1.00 log10(pixels)=2.50
-0.0856471442155629	1	155	log2(tiles)=1.00 log10(pixels)=3.25
0.113611979892144	1	156	log2(tiles)=1.00 log10(pixels)=2.25
0.04309160017658	1	157	log2(tiles)=2.50 log10(pixels)=2.75
0.11066016308988	1	158	log2(tiles)=1.00 log10(pixels)=2.50
0.0728716022004803	1	159	log2(tiles)=1.50 log10(pixels)=2.50
-0.102372908709559	1	160	log2(tiles)=0.00 log10(pixels)=2.00
-0.0243288116755704	1	161	log2(tiles)=0.00 log10(pixels)=2.50
0.0374264979406238	1	162	log2(tiles)=1.00 log10(pixels)=2.00
-0.0655015487564323	1	163	log2(tiles)=0.00 log10(pixels)=2.00
-0.0861861476162833	1	164	log2(tiles)=0.00 log10(pixels)=2.00
0.0998830720736876	1	165	log2(tiles)=2.00 log10(pixels)=2.50
0.0797835966168101	1	166	log2(tiles)=2.00 log10(pixels)=2.50
0.0809249756756194	1	167	log2(tiles)=1.00 log10(pixels)=2.50
0.0910646070264991	1	168	log2(tiles)=0.00 log10(pixels)=1.50
-0.104577730650908	1	169	log2(tiles)=2.00 log10(pixels)=2.75
0.0681858617461617	1	170	log2(tiles)=1.00 log10(pixels)=2.00
0.0287536009528289	1	171	log2(tiles)=1.00 log10(pixels)=2.25
-0.00877392430750512	1	172	log2(tiles)=1.50 log10(pixels)=2.00
0.0599066250361124	1	173	log2(tiles)=1.50 log10(pixels)=2.50
-0.0716041477432863	1	174	log2(tiles)=1.50 log10(pixels)=3.00
0.0680633349627615	1	175	log2(tiles)=1.00 log10(pixels)=2.25
-0.0118871597316481	1	176	log2(tiles)=2.00 log10(pixels)=3.00
-0.00584540598155714	1	177	log2(tiles)=0.00 log10(pixels)=2.50
-0.0492962828549808	1	178	log2(tiles)=1.50 log10(pixels)=2.75
0.0174507295105362	1	179	log2(tiles)=2.00 log10(pixels)=3.00
-0.083019952679618	1	180	log2(tiles)=1.50 log10(pixels)=3.00
-0.0624821079826532	1	181	log2(tiles)=2.00 log10(pixels)=3.00
0.0281644194244697	1	182	log2(tiles)=1.50 log10(pixels)=3.00
0.0854368948018585	1	183	log2(tiles)=3.50 log10(pixels)=3.75
0.000420002308894052	1	184	log2(tiles)=0.00 log10(pixels)=2.25
-0.00833099262005144	1	185	log2(tiles)=1.00 log10(pixels)=3.00
-0.0431741239681505	1	186	log2(tiles)=1.00 log10(pixels)=2.25
0.0969100130080562	1	187	log2(tiles)=2.00 log10(pixels)=3.00
-0.00181197299379976	1	188	log2(tiles)=1.00 log10(pixels)=2.75
0.100972895686748	1	189	log2(tiles)=1.50 log10(pixels)=2.50
-0.0346171485515816	1	190	log2(tiles)=1.00 log10(pixels)=2.50
0.0743441989390403	1	191	log2(tiles)=4.25 log10(pixels)=4.25
-0.110314338757318	1	192	log2(tiles)=2.50 log10(pixels)=3.75
-0.0148004515776865	1	193	log2(tiles)=2.75 log10(pixels)=3.75
0.00242711998443257	1	194	log2(tiles)=1.00 log10(pixels)=2.50
-0.0833594926617192	1	195	log2(tiles)=0.00 log10(pixels)=2.50
0.0250808984568587	1	196	log2(tiles)=1.00 log10(pixels)=3.25
0.010545010206612	1	197	log2(tiles)=1.50 log10(pixels)=2.50
-0.0198066211309542	1	198	log2(tiles)=2.00 log10(pixels)=3.25
-0.0589335933607367	1	199	log2(tiles)=2.25 log10(pixels)=3.50
0.122214022966295	1	200	log2(tiles)=1.50 log10(pixels)=2.50
-0.116461091629783	1	201	log2(tiles)=0.00 log10(pixels)=2.25
0.00887662937213118	1	202	log2(tiles)=2.00 log10(pixels)=3.25
-0.10790539730952	1	203	log2(tiles)=1.00 log10(pixels)=2.00
0.0943925503754266	1	204	log2(tiles)=1.00 log10(pixels)=2.50
-0.114516253185088	1	205	log2(tiles)=0.00 log10(pixels)=2.75
-0.0809219076239261	1	206	log2(tiles)=1.00 log10(pixels)=2.00
-0.0087739243075049	1	207	log2(tiles)=1.00 log10(pixels)=3.00
-0.0915149811213503	1	208	log2(tiles)=1.00 log10(pixels)=2.00
-0.119788758288394	1	209	log2(tiles)=1.00 log10(pixels)=2.50
-0.0441362877160807	1	210	log2(tiles)=1.00 log10(pixels)=2.75
-0.0120126736665691	1	211	log2(tiles)=1.00 log10(pixels)=2.75
-0.0185573714976952	1	212	log2(tiles)=2.00 log10(pixels)=2.50
-0.119186407719209	1	213	log2(tiles)=0.00 log10(pixels)=2.00
0.101258348719075	1	214	log2(tiles)=0.00 log10(pixels)=1.75
0.0289167002776547	1	215	log2(tiles)=1.00 log10(pixels)=2.50
-0.0969100130080565	1	216	log2(tiles)=2.00 log10(pixels)=2.00
-0.0027634504932359	1	217	log2(tiles)=2.75 log10(pixels)=3.25
0.119215857410143	1	218	log2(tiles)=0.00 log10(pixels)=2.25
-0.00649023527157011	1	219	log2(tiles)=0.00 log10(pixels)=2.75
0.0728216453031045	1	220	log2(tiles)=1.50 log10(pixels)=2.75
0.110589710299249	1	221	log2(tiles)=0.00 log10(pixels)=2.00
-0.0490026660111949	1	222	log2(tiles)=3.25 log10(pixels)=4.00
0.081613855309099	1	223	log2(tiles)=3.25 log10(pixels)=3.75
-0.0273660774661879	1	224	log2(tiles)=2.00 log10(pixels)=2.75
0.0563025007672873	1	225	log2(tiles)=0.00 log10(pixels)=2.50
0.00767857486918455	1	226	log2(tiles)=0.00 log10(pixels)=2.25
0.107455023214669	1	227	log2(tiles)=1.00 log10(pixels)=2.50
-0.0136762229492344	1	228	log2(tiles)=1.50 log10(pixels)=3.00
0.0578562087418879	1	229	log2(tiles)=5.50 log10(pixels)=4.00
-0.0371573187987577	1	230	log2(tiles)=1.50 log10(pixels)=3.00
0.104184543833607	1	231	log2(tiles)=3.50 log10(pixels)=3.75
-0.00448733218585007	1	232	log2(tiles)=1.00 log10(pixels)=2.25
-0.0851281824599495	1	233	log2(tiles)=1.50 log10(pixels)=3.00
-0.00963731050575611	1	234	log2(tiles)=0.00 log10(pixels)=1.75
-0.00863830616572736	1	235	log2(tiles)=1.00 log10(pixels)=1.50
0.0353298350107671	1	236	log2(tiles)=1.00 log10(pixels)=1.75
-0.0458494831602008	1	237	log2(tiles)=1.00 log10(pixels)=2.75
0.107332496431269	1	238	log2(tiles)=1.00 log10(pixels)=1.75
-0.0272835288524167	1	239	log2(tiles)=1.00 log10(pixels)=2.25
0.00891189239797363	1	240	log2(tiles)=2.00 log10(pixels)=2.75
0.0267011839884108	1	241	log2(tiles)=2.00 log10(pixels)=2.75
0.0423916894982539	1	242	log2(tiles)=0.00 log10(pixels)=1.75
-0.00348832784582154	1	243	log2(tiles)=4.00 log10(pixels)=3.00
0.1154879848909	1	244	log2(tiles)=1.00 log10(pixels)=2.25
0.0998830720736876	1	245	log2(tiles)=3.50 log10(pixels)=2.50
0.0760748027008265	1	246	log2(tiles)=1.00 log10(pixels)=1.75
0.0950980400142569	1	247	log2(tiles)=1.00 log10(pixels)=1.75
0.00767857486918455	2	248	log2(tiles)=0.00 log10(pixels)=2.25
0.00587485567249146	1	249	log2(tiles)=2.00 log10(pixels)=1.75
-0.0568754016455384	1	250	log2(tiles)=0.00 log10(pixels)=2.25
0.00860017176191752	1	251	log2(tiles)=1.00 log10(pixels)=2.00
-0.0576942471041058	1	252	log2(tiles)=2.50 log10(pixels)=4.00
0.0310042813635367	1	253	log2(tiles)=2.25 log10(pixels)=3.00
0.123249290397901	1	254	log2(tiles)=1.00 log10(pixels)=1.50
-0.031517051446065	1	255	log2(tiles)=0.00 log10(pixels)=2.00
0	2	256	log2(tiles)=0.00 log10(pixels)=2.00
0.113322860120456	1	257	log2(tiles)=1.00 log10(pixels)=1.75
0.0472748673841794	1	258	log2(tiles)=3.00 log10(pixels)=3.00
-0.0177287669604316	1	259	log2(tiles)=1.00 log10(pixels)=2.00
-0.0228787452803376	1	260	log2(tiles)=0.00 log10(pixels)=1.50
-0.114393726401688	1	261	log2(tiles)=0.00 log10(pixels)=2.50
0.0569048513364727	1	262	log2(tiles)=0.00 log10(pixels)=2.00
-0.000801642608887043	1	263	log2(tiles)=1.50 log10(pixels)=3.25
0.0742824552976926	1	264	log2(tiles)=1.00 log10(pixels)=2.25
0.110936620700094	1	265	log2(tiles)=1.50 log10(pixels)=2.75
-0.096879478824182	1	266	log2(tiles)=0.00 log10(pixels)=2.50
-0.0846001647877301	1	267	log2(tiles)=1.50 log10(pixels)=3.00
0.121176281775035	1	268	log2(tiles)=1.50 log10(pixels)=2.50
-0.0867002359187481	1	269	log2(tiles)=0.00 log10(pixels)=2.50
-0.0598039199714864	2	270	log2(tiles)=1.00 log10(pixels)=1.75
-0.0409586076789064	1	271	log2(tiles)=0.00 log10(pixels)=2.00
-0.104025267640935	1	272	log2(tiles)=1.00 log10(pixels)=3.00
0.107455023214669	1	273	log2(tiles)=2.25 log10(pixels)=2.50
-0.0670307091255942	1	274	log2(tiles)=0.00 log10(pixels)=2.50
-0.0409586076789064	1	275	log2(tiles)=1.00 log10(pixels)=2.00
-0.0809219076239261	2	276	log2(tiles)=1.00 log10(pixels)=2.00
0.113322860120456	1	277	log2(tiles)=0.00 log10(pixels)=1.75
0.0680633349627615	1	278	log2(tiles)=1.50 log10(pixels)=2.25
0.0837843746564788	1	279	log2(tiles)=1.00 log10(pixels)=2.75
-0.0128616245228135	1	280	log2(tiles)=2.00 log10(pixels)=2.50
0.0021660617565078	1	281	log2(tiles)=2.25 log10(pixels)=3.00
0.0174507295105362	2	282	log2(tiles)=2.00 log10(pixels)=3.00
-0.0951662833800619	1	283	log2(tiles)=0.00 log10(pixels)=2.50
-0.0541003475907664	1	284	log2(tiles)=1.00 log10(pixels)=2.25
0.0195129442179165	1	285	log2(tiles)=1.00 log10(pixels)=2.25
-0.113279432843593	1	286	log2(tiles)=2.25 log10(pixels)=2.25
-0.0246907182741372	1	287	log2(tiles)=1.00 log10(pixels)=2.25
-0.0535477349869269	1	288	log2(tiles)=1.00 log10(pixels)=3.00
0.0388751157754168	1	289	log2(tiles)=0.00 log10(pixels)=2.75
-0.102059991327962	1	290	log2(tiles)=1.50 log10(pixels)=1.50
-0.0917600346881504	1	291	log2(tiles)=2.00 log10(pixels)=2.50
-0.0969100130080565	1	292	log2(tiles)=1.00 log10(pixels)=2.00
0.112783856719735	1	293	log2(tiles)=0.00 log10(pixels)=1.50
0.100370545117563	1	294	log2(tiles)=0.00 log10(pixels)=2.00
0.0884564936046046	1	295	log2(tiles)=1.00 log10(pixels)=2.25
-0.0424298239020637	1	296	log2(tiles)=1.50 log10(pixels)=1.75
0.00650503240487188	1	297	log2(tiles)=1.00 log10(pixels)=2.50
-0.0458800173440752	1	298	log2(tiles)=1.00 log10(pixels)=1.25
-0.0655015487564323	1	299	log2(tiles)=1.50 log10(pixels)=2.00
-0.10790539730952	1	300	log2(tiles)=2.00 log10(pixels)=2.00
0.107934847000454	1	301	log2(tiles)=1.00 log10(pixels)=2.25
-0.0316526695878427	1	302	log2(tiles)=1.50 log10(pixels)=2.50
0.0353298350107671	1	303	log2(tiles)=2.00 log10(pixels)=1.75
0.0888490907372552	1	304	log2(tiles)=0.00 log10(pixels)=1.75
0.0314789170422551	1	305	log2(tiles)=0.00 log10(pixels)=1.50
0.0760748027008265	2	306	log2(tiles)=1.00 log10(pixels)=1.75
0.014547752660286	1	307	log2(tiles)=1.00 log10(pixels)=2.50
-0.00870261289000673	1	308	log2(tiles)=2.00 log10(pixels)=3.25
-0.1249387366083	1	309	log2(tiles)=1.00 log10(pixels)=2.00
-0.0415790998652872	1	310	log2(tiles)=1.50 log10(pixels)=2.75
-0.0571530807227698	1	311	log2(tiles)=1.00 log10(pixels)=2.75
0.012678563727436	1	312	log2(tiles)=1.00 log10(pixels)=2.75
-0.0575202309355514	1	313	log2(tiles)=2.00 log10(pixels)=2.50
-0.00863830616572736	1	314	log2(tiles)=0.00 log10(pixels)=1.50
0.0644579892269186	1	315	log2(tiles)=1.50 log10(pixels)=2.00
-0.0833594926617192	1	316	log2(tiles)=1.50 log10(pixels)=2.50
-0.00963731050575611	2	317	log2(tiles)=0.00 log10(pixels)=1.75
-0.071865205971211	1	318	log2(tiles)=1.00 log10(pixels)=2.50
-0.0670307091255942	1	319	log2(tiles)=1.00 log10(pixels)=2.50
-0.0510299956639813	1	320	log2(tiles)=0.00 log10(pixels)=1.75
-0.0681564120552274	1	321	log2(tiles)=1.00 log10(pixels)=2.25
-0.0486028756795487	1	322	log2(tiles)=2.00 log10(pixels)=2.25
-0.0653085691824011	1	323	log2(tiles)=0.00 log10(pixels)=2.25
-0.0431741239681505	1	324	log2(tiles)=1.50 log10(pixels)=2.25
-0.0378123955960423	1	325	log2(tiles)=1.00 log10(pixels)=2.25
-0.00448733218585007	1	326	log2(tiles)=1.50 log10(pixels)=2.25
-0.0734887386354246	1	327	log2(tiles)=1.00 log10(pixels)=2.50
0.0440680443502757	1	328	log2(tiles)=0.00 log10(pixels)=1.50
0.00285303097989331	1	329	log2(tiles)=1.00 log10(pixels)=2.25
0.0440680443502757	1	330	log2(tiles)=1.00 log10(pixels)=2.50
0.0969100130080562	1	331	log2(tiles)=0.00 log10(pixels)=2.00
0.0550944485783194	1	332	log2(tiles)=1.50 log10(pixels)=2.50
-0.102372908709559	2	333	log2(tiles)=0.00 log10(pixels)=2.00
0.0531960574204891	1	334	log2(tiles)=0.00 log10(pixels)=2.25
0.0310333672477277	2	335	log2(tiles)=1.00 log10(pixels)=2.25
0.111727836017593	1	336	log2(tiles)=1.00 log10(pixels)=2.25
-0.121602099051862	1	337	log2(tiles)=1.50 log10(pixels)=2.50
-0.114516253185088	1	338	log2(tiles)=2.00 log10(pixels)=2.75
-0.0806831194338877	1	339	log2(tiles)=0.00 log10(pixels)=2.75
-0.116531544420413	1	340	log2(tiles)=0.00 log10(pixels)=1.75
-0.085026652029182	1	341	log2(tiles)=0.00 log10(pixels)=1.50
0.0492180226701815	1	342	log2(tiles)=1.00 log10(pixels)=2.00
-0.0797382846050425	1	343	log2(tiles)=0.00 log10(pixels)=2.25
-0.0451551399914898	1	344	log2(tiles)=1.50 log10(pixels)=2.50
0.0314789170422551	2	345	log2(tiles)=0.00 log10(pixels)=1.50
0.00514997831990605	1	346	log2(tiles)=0.00 log10(pixels)=1.50
-0.0705810742857072	1	347	log2(tiles)=0.00 log10(pixels)=2.00
-0.0617741923954704	1	348	log2(tiles)=2.50 log10(pixels)=3.50
0.0346172926328752	1	349	log2(tiles)=1.00 log10(pixels)=2.75
0.0185139398778875	1	350	log2(tiles)=0.00 log10(pixels)=1.50
0.00860017176191752	1	351	log2(tiles)=0.00 log10(pixels)=2.00
-0.0525662781129492	1	352	log2(tiles)=0.00 log10(pixels)=3.00
0.0374264979406238	1	353	log2(tiles)=0.00 log10(pixels)=2.00
0.100972895686748	1	354	log2(tiles)=0.00 log10(pixels)=2.50
-0.0222763947111522	1	355	log2(tiles)=0.00 log10(pixels)=2.00
-0.0624792791635369	1	356	log2(tiles)=1.00 log10(pixels)=2.25
-0.0541003475907664	2	357	log2(tiles)=1.00 log10(pixels)=2.25
-0.0624792791635369	1	358	log2(tiles)=0.00 log10(pixels)=2.25
0.0910646070264991	2	359	log2(tiles)=0.00 log10(pixels)=1.50
-0.00945075171740051	1	360	log2(tiles)=1.50 log10(pixels)=2.25
0.0606978403536118	1	361	log2(tiles)=1.50 log10(pixels)=2.00
-0.00473416054253883	1	362	log2(tiles)=2.00 log10(pixels)=3.25
-0.0404849854573692	1	363	log2(tiles)=1.00 log10(pixels)=2.25
-0.0541003475907664	3	364	log2(tiles)=1.00 log10(pixels)=2.25
0.0824384599156054	1	365	log2(tiles)=1.00 log10(pixels)=2.25
-0.0714816209598861	1	366	log2(tiles)=2.00 log10(pixels)=2.75
-0.116531544420413	1	367	log2(tiles)=1.00 log10(pixels)=1.75
-0.0687587626244128	1	368	log2(tiles)=0.00 log10(pixels)=1.75
-0.0243288116755704	2	369	log2(tiles)=0.00 log10(pixels)=2.50
0.0334237554869499	1	370	log2(tiles)=0.00 log10(pixels)=2.00
-0.0687587626244128	1	371	log2(tiles)=1.00 log10(pixels)=1.75
-0.0555173278498313	1	372	log2(tiles)=1.00 log10(pixels)=2.00
0.0695439355418688	1	373	log2(tiles)=1.00 log10(pixels)=1.75
0.0281512503836436	2	374	log2(tiles)=0.00 log10(pixels)=1.75
-0.0409586076789064	1	375	log2(tiles)=2.00 log10(pixels)=2.00
0.0791812460476247	1	376	log2(tiles)=2.00 log10(pixels)=3.00
-0.0456778591777645	1	377	log2(tiles)=3.25 log10(pixels)=3.75
0.0563025007672873	1	378	log2(tiles)=0.00 log10(pixels)=1.50
-0.0291883891274822	1	379	log2(tiles)=1.50 log10(pixels)=3.00
-0.106547323513813	1	380	log2(tiles)=0.00 log10(pixels)=1.75
-0.0996924768680634	1	381	log2(tiles)=1.00 log10(pixels)=2.75
-0.0775859758543658	1	382	log2(tiles)=2.75 log10(pixels)=4.00
-0.11747546204512	1	383	log2(tiles)=1.00 log10(pixels)=3.00
0.109138297294531	1	384	log2(tiles)=2.00 log10(pixels)=2.75
0.0211892990699383	2	385	log2(tiles)=1.00 log10(pixels)=2.00
-0.0000682433658050208	1	386	log2(tiles)=2.00 log10(pixels)=3.25
-0.030177984021837	1	387	log2(tiles)=1.00 log10(pixels)=2.50
0.0611013836490559	1	388	log2(tiles)=1.00 log10(pixels)=2.50
-0.0915149811213503	2	389	log2(tiles)=1.00 log10(pixels)=2.00
-0.0185573714976952	1	390	log2(tiles)=0.00 log10(pixels)=2.50
-0.116461091629783	2	391	log2(tiles)=0.00 log10(pixels)=2.25
-0.119788758288394	1	392	log2(tiles)=0.00 log10(pixels)=1.50
0.0910646070264991	1	393	log2(tiles)=1.00 log10(pixels)=1.50
-0.113509274827518	1	394	log2(tiles)=1.00 log10(pixels)=2.00
-0.0757207139381184	1	395	log2(tiles)=0.00 log10(pixels)=2.00
-0.11261017366127	1	396	log2(tiles)=0.00 log10(pixels)=2.50
0.111727836017593	2	397	log2(tiles)=1.00 log10(pixels)=2.25
0.0760748027008265	1	398	log2(tiles)=1.50 log10(pixels)=1.75
-0.0346171485515816	1	399	log2(tiles)=2.00 log10(pixels)=2.50
0.0791812460476249	1	400	log2(tiles)=0.00 log10(pixels)=1.00
0.0171717284030137	1	401	log2(tiles)=0.00 log10(pixels)=2.25
-0.0268721464003014	1	402	log2(tiles)=1.00 log10(pixels)=2.00
-0.085026652029182	2	403	log2(tiles)=0.00 log10(pixels)=1.50
0.0969100130080562	2	404	log2(tiles)=0.00 log10(pixels)=2.00
0.112783856719735	2	405	log2(tiles)=0.00 log10(pixels)=1.50
0.0568580295188172	1	406	log2(tiles)=1.00 log10(pixels)=2.75
-0.0436339668709569	1	407	log2(tiles)=2.00 log10(pixels)=2.50
0.113322860120456	2	408	log2(tiles)=1.00 log10(pixels)=1.75
-0.119666231504994	1	409	log2(tiles)=1.50 log10(pixels)=2.25
0.0924226808222062	1	410	log2(tiles)=0.00 log10(pixels)=1.25
0.102059991327963	1	411	log2(tiles)=1.50 log10(pixels)=1.50
-0.0705810742857072	2	412	log2(tiles)=0.00 log10(pixels)=2.00
-0.0779021420642825	1	413	log2(tiles)=0.00 log10(pixels)=1.75
-0.110120913598764	1	414	log2(tiles)=1.50 log10(pixels)=2.25
0.0721680793680175	1	415	log2(tiles)=0.00 log10(pixels)=2.75
-0.0512936800949202	1	416	log2(tiles)=1.50 log10(pixels)=2.50
-0.0104276555499081	1	417	log2(tiles)=1.00 log10(pixels)=2.75
0.0899051114393981	1	418	log2(tiles)=1.00 log10(pixels)=2.00
0.0170333392987803	1	419	log2(tiles)=0.00 log10(pixels)=2.00
-0.122895201635192	1	420	log2(tiles)=2.00 log10(pixels)=2.25
-0.116461091629783	3	421	log2(tiles)=0.00 log10(pixels)=2.25
-0.0376020021010439	1	422	log2(tiles)=0.00 log10(pixels)=1.50
-0.0486028756795487	1	423	log2(tiles)=0.00 log10(pixels)=2.25
-0.0598039199714864	3	424	log2(tiles)=1.00 log10(pixels)=1.75
0.0561799739838871	1	425	log2(tiles)=1.00 log10(pixels)=1.75
0.112783856719735	3	426	log2(tiles)=0.00 log10(pixels)=1.50
-0.0543957967264026	1	427	log2(tiles)=2.00 log10(pixels)=2.50
-0.0424298239020637	1	428	log2(tiles)=0.00 log10(pixels)=1.75
-0.0176062401770314	1	429	log2(tiles)=0.00 log10(pixels)=1.75
0.0124510897304293	1	430	log2(tiles)=0.00 log10(pixels)=2.25
-0.0797382846050425	2	431	log2(tiles)=0.00 log10(pixels)=2.25
0.111727836017593	1	432	log2(tiles)=0.00 log10(pixels)=1.25
-0.0596683018297086	1	433	log2(tiles)=0.00 log10(pixels)=2.25
-0.0252011811993689	1	434	log2(tiles)=2.25 log10(pixels)=3.50
0.0134279935629373	1	435	log2(tiles)=0.00 log10(pixels)=1.75
-0.0152001704111528	1	436	log2(tiles)=1.50 log10(pixels)=2.75
-0.00696195131370558	1	437	log2(tiles)=0.00 log10(pixels)=2.25
0.111727836017593	2	438	log2(tiles)=0.00 log10(pixels)=1.25
-0.0967874862246563	1	439	log2(tiles)=1.00 log10(pixels)=1.75
0.0440680443502757	2	440	log2(tiles)=0.00 log10(pixels)=1.50
0.0170333392987803	1	441	log2(tiles)=1.00 log10(pixels)=2.00
0.106381365110605	1	442	log2(tiles)=2.50 log10(pixels)=2.50
0.0957180179666586	1	443	log2(tiles)=2.00 log10(pixels)=2.75
0.0362295440862948	1	444	log2(tiles)=2.00 log10(pixels)=3.00
0.0287536009528289	1	445	log2(tiles)=0.00 log10(pixels)=1.25
-0.0176062401770314	2	446	log2(tiles)=0.00 log10(pixels)=1.75
0.00432137378264263	1	447	log2(tiles)=0.00 log10(pixels)=2.00
-0.0376020021010439	1	448	log2(tiles)=1.00 log10(pixels)=1.50
0.0493405494535817	1	449	log2(tiles)=0.00 log10(pixels)=1.75
0.00860017176191752	2	450	log2(tiles)=0.00 log10(pixels)=2.00
-0.0043648054024501	1	451	log2(tiles)=0.00 log10(pixels)=2.00
-0.0655015487564323	1	452	log2(tiles)=1.00 log10(pixels)=2.00
0.123249290397901	1	453	log2(tiles)=0.00 log10(pixels)=1.50
-0.116531544420413	2	454	log2(tiles)=0.00 log10(pixels)=1.75
0.0423916894982539	2	455	log2(tiles)=0.00 log10(pixels)=1.75
-0.119186407719209	1	456	log2(tiles)=1.00 log10(pixels)=2.00
0.0102999566398121	1	457	log2(tiles)=1.50 log10(pixels)=3.00
-0.119666231504994	1	458	log2(tiles)=1.00 log10(pixels)=2.25
0.0748994970523134	2	459	log2(tiles)=2.00 log10(pixels)=3.25
-0.0809219076239261	1	460	log2(tiles)=0.00 log10(pixels)=2.00
0.0617538610557542	1	461	log2(tiles)=0.00 log10(pixels)=2.25
-0.045880017344075	1	462	log2(tiles)=0.00 log10(pixels)=2.25
0.0423916894982539	1	463	log2(tiles)=1.00 log10(pixels)=1.75
0.00860017176191752	3	464	log2(tiles)=0.00 log10(pixels)=2.00
0.0791812460476249	2	465	log2(tiles)=0.00 log10(pixels)=1.00
0	1	466	log2(tiles)=0.00 log10(pixels)=0.00
-0.103871964321762	1	467	log2(tiles)=0.00 log10(pixels)=1.25
0.121176281775035	1	468	log2(tiles)=2.00 log10(pixels)=2.50
0.123249290397901	2	469	log2(tiles)=0.00 log10(pixels)=1.50
-0.119788758288394	2	470	log2(tiles)=0.00 log10(pixels)=1.50
-0.0739087409443187	1	471	log2(tiles)=1.00 log10(pixels)=2.25
0.0718820073061255	1	472	log2(tiles)=0.00 log10(pixels)=2.00
-0.0678549236261681	1	473	log2(tiles)=1.00 log10(pixels)=2.75
0.0339035792727351	1	474	log2(tiles)=1.50 log10(pixels)=2.75
0.0773692730538254	1	475	log2(tiles)=2.00 log10(pixels)=2.75
0	1	476	log2(tiles)=1.00 log10(pixels)=2.00
0.00511226639507134	1	477	log2(tiles)=1.00 log10(pixels)=2.75
0.0705429398818973	1	478	log2(tiles)=1.00 log10(pixels)=2.50
0.0178976160180908	1	479	log2(tiles)=2.00 log10(pixels)=2.75
0.0353298350107671	1	480	log2(tiles)=0.00 log10(pixels)=1.75
0.106025857193123	1	481	log2(tiles)=1.00 log10(pixels)=2.25
-0.0176062401770314	1	482	log2(tiles)=1.00 log10(pixels)=1.75
0.0526682161121932	1	483	log2(tiles)=2.00 log10(pixels)=2.50
-0.0431741239681505	2	484	log2(tiles)=1.00 log10(pixels)=2.25
-0.085026652029182	1	485	log2(tiles)=1.00 log10(pixels)=1.50
-0.110513510731414	1	486	log2(tiles)=1.00 log10(pixels)=2.75
0.0423916894982539	3	487	log2(tiles)=0.00 log10(pixels)=1.75
-0.0339966563652008	1	488	log2(tiles)=0.00 log10(pixels)=1.75
0.103803720955957	1	489	log2(tiles)=0.00 log10(pixels)=2.00
0.0722192947339193	1	490	log2(tiles)=0.00 log10(pixels)=1.25
-0.0967874862246563	2	491	log2(tiles)=1.00 log10(pixels)=1.75
0.0185139398778875	1	492	log2(tiles)=1.00 log10(pixels)=1.50
-0.0687587626244128	2	493	log2(tiles)=1.00 log10(pixels)=1.75
0.0606978403536118	2	494	log2(tiles)=1.00 log10(pixels)=2.00
-0.0458800173440752	1	495	log2(tiles)=0.00 log10(pixels)=1.25
-0.00863830616572736	2	496	log2(tiles)=0.00 log10(pixels)=1.50
0.0797835966168101	1	497	log2(tiles)=0.00 log10(pixels)=1.50
-0.10790539730952	2	498	log2(tiles)=1.00 log10(pixels)=2.00
0.117355921026019	1	499	log2(tiles)=1.50 log10(pixels)=2.25
0.0353298350107671	1	500	log2(tiles)=1.50 log10(pixels)=1.75
0.102059991327963	3	501	log2(tiles)=1.00 log10(pixels)=2.50
0.00514997831990605	1	502	log2(tiles)=1.00 log10(pixels)=1.50
-0.0575202309355514	2	503	log2(tiles)=2.00 log10(pixels)=2.50
0.102059991327963	1	504	log2(tiles)=1.50 log10(pixels)=2.50
-0.0872421683184259	1	505	log2(tiles)=0.00 log10(pixels)=1.75
-0.045880017344075	1	506	log2(tiles)=1.50 log10(pixels)=2.25
-0.116531544420413	3	507	log2(tiles)=0.00 log10(pixels)=1.75
0.113322860120456	3	508	log2(tiles)=1.00 log10(pixels)=1.75
-0.0604807473813815	1	509	log2(tiles)=1.00 log10(pixels)=2.00
-0.0541003475907664	1	510	log2(tiles)=1.50 log10(pixels)=2.25
0.111727836017593	1	511	log2(tiles)=1.00 log10(pixels)=1.25
0.0722192947339193	2	512	log2(tiles)=0.00 log10(pixels)=1.25
0.04309160017658	1	513	log2(tiles)=1.50 log10(pixels)=2.75
0.0884564936046046	1	514	log2(tiles)=0.00 log10(pixels)=2.25
-0.0555173278498313	2	515	log2(tiles)=1.00 log10(pixels)=2.00
-0.0376020021010439	2	516	log2(tiles)=1.00 log10(pixels)=1.50
-0.0598039199714864	1	517	log2(tiles)=0.00 log10(pixels)=1.75
0.00285303097989331	1	518	log2(tiles)=0.00 log10(pixels)=2.25
0.0527737252919756	1	519	log2(tiles)=2.00 log10(pixels)=2.75
0.00514997831990605	2	520	log2(tiles)=0.00 log10(pixels)=1.50
-0.0510299956639813	2	521	log2(tiles)=0.00 log10(pixels)=1.75
-0.0176062401770314	3	522	log2(tiles)=0.00 log10(pixels)=1.75
0.05307844348342	1	523	log2(tiles)=1.00 log10(pixels)=2.00
-0.122895201635192	1	524	log2(tiles)=0.00 log10(pixels)=2.25
-0.119666231504994	1	525	log2(tiles)=0.00 log10(pixels)=2.25
0.111727836017593	3	526	log2(tiles)=0.00 log10(pixels)=1.25
0.0100713879850747	1	527	log2(tiles)=0.00 log10(pixels)=2.25
0.0797835966168101	2	528	log2(tiles)=0.00 log10(pixels)=1.50
0.0751878449276608	1	529	log2(tiles)=2.25 log10(pixels)=2.50
0.0353298350107671	2	530	log2(tiles)=1.00 log10(pixels)=1.75
-0.102059991327962	1	531	log2(tiles)=0.00 log10(pixels)=1.50
0.0287536009528289	2	532	log2(tiles)=0.00 log10(pixels)=1.25
-0.0686362358410126	1	533	log2(tiles)=0.00 log10(pixels)=1.50
-0.119788758288394	1	534	log2(tiles)=1.50 log10(pixels)=2.50
-0.102372908709559	3	535	log2(tiles)=0.00 log10(pixels)=2.00
-0.00963731050575611	3	536	log2(tiles)=0.00 log10(pixels)=1.75
0.0134279935629373	2	537	log2(tiles)=0.00 log10(pixels)=1.75
0.0910646070264991	3	538	log2(tiles)=0.00 log10(pixels)=1.50
0.111727836017593	2	539	log2(tiles)=1.00 log10(pixels)=1.25
0.00527250510330601	1	540	log2(tiles)=1.00 log10(pixels)=1.25
0.0413926851582249	1	541	log2(tiles)=1.00 log10(pixels)=1.00
0.0695439355418688	1	542	log2(tiles)=0.00 log10(pixels)=1.75
0.0171717284030137	1	543	log2(tiles)=1.50 log10(pixels)=2.25
-0.109518563029578	1	544	log2(tiles)=1.00 log10(pixels)=2.75
-0.113509274827518	2	545	log2(tiles)=0.00 log10(pixels)=2.00
-0.0654310959658013	1	546	log2(tiles)=2.00 log10(pixels)=2.50
0.0440680443502757	3	547	log2(tiles)=0.00 log10(pixels)=1.50
0.123249290397901	3	548	log2(tiles)=0.00 log10(pixels)=1.50
0.0510299956639813	1	549	log2(tiles)=0.00 log10(pixels)=1.25
0.0413926851582249	1	550	log2(tiles)=0.00 log10(pixels)=1.00
-0.00863830616572736	2	551	log2(tiles)=1.00 log10(pixels)=1.50
0.102059991327963	1	552	log2(tiles)=0.00 log10(pixels)=1.50
0.100370545117563	2	553	log2(tiles)=0.00 log10(pixels)=2.00
0.0208520116421442	1	554	log2(tiles)=1.00 log10(pixels)=1.75
0.0287536009528289	1	555	log2(tiles)=1.00 log10(pixels)=1.25
-0.106547323513813	2	556	log2(tiles)=0.00 log10(pixels)=1.75
0.0695439355418688	2	557	log2(tiles)=0.00 log10(pixels)=1.75
0.112783856719735	4	558	log2(tiles)=0.00 log10(pixels)=1.50
0.0453229787866576	1	559	log2(tiles)=0.00 log10(pixels)=2.00
0.0185139398778875	1	560	log2(tiles)=1.50 log10(pixels)=1.50
-0.096879478824182	1	561	log2(tiles)=2.00 log10(pixels)=2.50
0.0253058652647704	1	562	log2(tiles)=1.00 log10(pixels)=2.00
-0.101274818410507	1	563	log2(tiles)=1.50 log10(pixels)=3.00
-0.0785660990569919	1	564	log2(tiles)=1.50 log10(pixels)=3.25
0.111727836017593	4	565	log2(tiles)=0.00 log10(pixels)=1.25
0.123249290397901	2	566	log2(tiles)=1.00 log10(pixels)=1.50
-0.0228787452803376	1	567	log2(tiles)=1.00 log10(pixels)=1.50
-0.0257241303992108	1	568	log2(tiles)=0.00 log10(pixels)=1.75
-0.0977116556169437	1	569	log2(tiles)=1.00 log10(pixels)=2.25
-0.0779021420642825	1	570	log2(tiles)=1.00 log10(pixels)=1.75
0.0760748027008265	1	571	log2(tiles)=2.00 log10(pixels)=1.75
-0.0528419686577808	1	572	log2(tiles)=1.50 log10(pixels)=1.50
-0.0458800173440752	2	573	log2(tiles)=1.00 log10(pixels)=1.25
0.0287536009528289	2	574	log2(tiles)=1.00 log10(pixels)=1.25
0.113943352306837	1	575	log2(tiles)=0.00 log10(pixels)=1.00
-0.0510299956639813	1	576	log2(tiles)=1.50 log10(pixels)=1.75
-0.102059991327962	2	577	log2(tiles)=0.00 log10(pixels)=1.50
-0.0457574905606751	1	578	log2(tiles)=0.00 log10(pixels)=1.00
-0.10078088734462	1	579	log2(tiles)=0.00 log10(pixels)=2.25
0.0950980400142568	1	580	log2(tiles)=0.00 log10(pixels)=0.75
0.0287536009528289	3	581	log2(tiles)=1.00 log10(pixels)=1.25
-0.102059991327962	3	582	log2(tiles)=0.00 log10(pixels)=1.50
-0.085026652029182	3	583	log2(tiles)=0.00 log10(pixels)=1.50
-0.113509274827518	1	584	log2(tiles)=1.50 log10(pixels)=2.00
-0.0528419686577808	1	585	log2(tiles)=1.00 log10(pixels)=1.50
0.111727836017593	5	586	log2(tiles)=0.00 log10(pixels)=1.25
0.0695439355418688	2	587	log2(tiles)=1.00 log10(pixels)=1.75
-0.0604807473813815	2	588	log2(tiles)=1.00 log10(pixels)=2.00
-0.0967874862246563	1	589	log2(tiles)=0.00 log10(pixels)=1.75
0.102059991327963	1	590	log2(tiles)=1.00 log10(pixels)=1.50
0.112783856719735	5	591	log2(tiles)=0.00 log10(pixels)=1.50
-0.0739087409443187	1	592	log2(tiles)=1.00 log10(pixels)=1.25
0.0695439355418688	3	593	log2(tiles)=0.00 log10(pixels)=1.75
0.0797835966168101	3	594	log2(tiles)=0.00 log10(pixels)=1.50
-0.0915149811213503	3	595	log2(tiles)=1.00 log10(pixels)=2.00
-0.0195510786217261	1	596	log2(tiles)=0.00 log10(pixels)=1.25
0.068201724066995	1	597	log2(tiles)=0.00 log10(pixels)=1.50
-0.085026652029182	4	598	log2(tiles)=0.00 log10(pixels)=1.50
-0.0779021420642825	1	599	log2(tiles)=1.50 log10(pixels)=1.75
0.106025857193123	2	600	log2(tiles)=1.00 log10(pixels)=2.25
0.102059991327963	2	601	log2(tiles)=0.00 log10(pixels)=1.50
-0.0339966563652008	2	602	log2(tiles)=0.00 log10(pixels)=1.75
-0.0176062401770314	2	603	log2(tiles)=1.00 log10(pixels)=1.75
-0.0176062401770314	3	604	log2(tiles)=1.00 log10(pixels)=1.75
-0.0424298239020637	2	605	log2(tiles)=0.00 log10(pixels)=1.75
0	1	606	log2(tiles)=0.00 log10(pixels)=1.00
0.0910646070264991	4	607	log2(tiles)=0.00 log10(pixels)=1.50
-0.0466816599529625	1	608	log2(tiles)=2.00 log10(pixels)=2.50
0.123249290397901	4	609	log2(tiles)=0.00 log10(pixels)=1.50
-0.0779021420642825	2	610	log2(tiles)=1.00 log10(pixels)=1.75
-0.00181197299379954	1	611	log2(tiles)=1.00 log10(pixels)=1.75
0.0910646070264991	5	612	log2(tiles)=0.00 log10(pixels)=1.50
0.0493405494535817	2	613	log2(tiles)=0.00 log10(pixels)=1.75
0.103803720955957	1	614	log2(tiles)=1.00 log10(pixels)=2.00
-0.0969100130080565	1	615	log2(tiles)=0.00 log10(pixels)=1.00
0.0740312677277188	1	616	log2(tiles)=1.00 log10(pixels)=2.50
-0.0506099933550872	1	617	log2(tiles)=1.00 log10(pixels)=2.00
-0.0872421683184259	1	618	log2(tiles)=1.00 log10(pixels)=1.75
-0.103871964321762	2	619	log2(tiles)=0.00 log10(pixels)=1.25
-0.0176062401770314	1	620	log2(tiles)=1.50 log10(pixels)=1.75
-0.103871964321762	3	621	log2(tiles)=0.00 log10(pixels)=1.25
-0.0458800173440752	2	622	log2(tiles)=0.00 log10(pixels)=1.25
-0.0951662833800619	2	623	log2(tiles)=0.00 log10(pixels)=2.50
0.068201724066995	2	624	log2(tiles)=0.00 log10(pixels)=1.50
-0.0686362358410126	2	625	log2(tiles)=0.00 log10(pixels)=1.50
-0.0779021420642825	2	626	log2(tiles)=0.00 log10(pixels)=1.75
0.123249290397901	3	627	log2(tiles)=1.00 log10(pixels)=1.50
0.0510299956639813	2	628	log2(tiles)=0.00 log10(pixels)=1.25
-0.0510299956639813	3	629	log2(tiles)=0.00 log10(pixels)=1.75
0.0148178230095364	1	630	log2(tiles)=1.50 log10(pixels)=2.25
0.111727836017593	3	631	log2(tiles)=1.00 log10(pixels)=1.25
0.103144372620182	1	632	log2(tiles)=1.00 log10(pixels)=2.50
-0.0144715530924513	1	633	log2(tiles)=0.00 log10(pixels)=2.25
0.0314789170422551	3	634	log2(tiles)=0.00 log10(pixels)=1.50
0.0493405494535817	3	635	log2(tiles)=0.00 log10(pixels)=1.75
-0.102059991327962	4	636	log2(tiles)=0.00 log10(pixels)=1.50
-0.00963731050575611	4	637	log2(tiles)=0.00 log10(pixels)=1.75
0.0510299956639813	3	638	log2(tiles)=0.00 log10(pixels)=1.25
0.0208520116421442	2	639	log2(tiles)=1.00 log10(pixels)=1.75
0.0599066250361124	1	640	log2(tiles)=1.00 log10(pixels)=2.50
0.115950051656401	1	641	log2(tiles)=1.50 log10(pixels)=2.50
-0.0228787452803376	2	642	log2(tiles)=1.00 log10(pixels)=1.50
-0.0228787452803376	2	643	log2(tiles)=0.00 log10(pixels)=1.50
-0.0409586076789064	2	644	log2(tiles)=1.00 log10(pixels)=2.00
0.0563025007672873	2	645	log2(tiles)=0.00 log10(pixels)=1.50
-0.00863830616572736	3	646	log2(tiles)=0.00 log10(pixels)=1.50
0.068201724066995	1	647	log2(tiles)=1.00 log10(pixels)=1.50
-0.113509274827518	2	648	log2(tiles)=1.50 log10(pixels)=2.00
0.10959440922522	1	649	log2(tiles)=1.00 log10(pixels)=2.50
0.106728890382882	1	650	log2(tiles)=1.00 log10(pixels)=2.75
0.068201724066995	2	651	log2(tiles)=1.00 log10(pixels)=1.50
0.0760748027008265	3	652	log2(tiles)=1.00 log10(pixels)=1.75
0.0440680443502757	4	653	log2(tiles)=0.00 log10(pixels)=1.50
0.0910646070264991	6	654	log2(tiles)=0.00 log10(pixels)=1.50
0.0185139398778875	2	655	log2(tiles)=0.00 log10(pixels)=1.50
0.0185139398778875	2	656	log2(tiles)=1.00 log10(pixels)=1.50
-0.00863830616572736	4	657	log2(tiles)=0.00 log10(pixels)=1.50
0.0287536009528289	4	658	log2(tiles)=1.00 log10(pixels)=1.25
-0.0457574905606751	2	659	log2(tiles)=0.00 log10(pixels)=1.00
-0.0376020021010439	2	660	log2(tiles)=0.00 log10(pixels)=1.50
0.075546961392531	1	661	log2(tiles)=1.00 log10(pixels)=2.00
0.068201724066995	3	662	log2(tiles)=0.00 log10(pixels)=1.50
-0.106547323513813	3	663	log2(tiles)=0.00 log10(pixels)=1.75
0.0681858617461617	2	664	log2(tiles)=1.00 log10(pixels)=2.00
0.0510299956639813	1	665	log2(tiles)=1.00 log10(pixels)=1.25
0.0722192947339193	3	666	log2(tiles)=0.00 log10(pixels)=1.25
0.0287536009528289	3	667	log2(tiles)=0.00 log10(pixels)=1.25
-0.0604807473813815	1	668	log2(tiles)=0.00 log10(pixels)=2.00
0.112783856719735	6	669	log2(tiles)=0.00 log10(pixels)=1.50
0.123851640967086	1	670	log2(tiles)=0.00 log10(pixels)=2.00
-0.040607512240769	1	671	log2(tiles)=1.00 log10(pixels)=2.50
0.102182518111363	1	672	log2(tiles)=0.00 log10(pixels)=2.25
0.00527250510330601	1	673	log2(tiles)=0.00 log10(pixels)=1.25
-0.0687587626244128	3	674	log2(tiles)=1.00 log10(pixels)=1.75
0.0760748027008265	4	675	log2(tiles)=1.00 log10(pixels)=1.75
-0.0891345219961308	1	676	log2(tiles)=1.00 log10(pixels)=2.75
-0.0872421683184259	2	677	log2(tiles)=0.00 log10(pixels)=1.75
-0.00963731050575611	5	678	log2(tiles)=0.00 log10(pixels)=1.75
-0.029840696594043	1	679	log2(tiles)=1.00 log10(pixels)=2.75
0.0440680443502757	5	680	log2(tiles)=0.00 log10(pixels)=1.50
0	2	681	log2(tiles)=0.00 log10(pixels)=1.00
-0.00863830616572736	5	682	log2(tiles)=0.00 log10(pixels)=1.50
-0.0528419686577808	1	683	log2(tiles)=0.00 log10(pixels)=1.50
-0.0176062401770314	4	684	log2(tiles)=1.00 log10(pixels)=1.75
-0.0686362358410126	1	685	log2(tiles)=1.00 log10(pixels)=1.50
-0.0257241303992108	1	686	log2(tiles)=1.00 log10(pixels)=1.75
0.0510299956639813	4	687	log2(tiles)=0.00 log10(pixels)=1.25
0.0269211320657741	1	688	log2(tiles)=1.50 log10(pixels)=3.25
0.112783856719735	7	689	log2(tiles)=0.00 log10(pixels)=1.50
-0.0705810742857072	1	690	log2(tiles)=1.00 log10(pixels)=2.00
-0.085026652029182	5	691	log2(tiles)=0.00 log10(pixels)=1.50
0.0510299956639812	1	692	log2(tiles)=0.00 log10(pixels)=0.25
-0.0176062401770314	4	693	log2(tiles)=0.00 log10(pixels)=1.75
-0.119788758288394	1	694	log2(tiles)=1.00 log10(pixels)=1.50
0.0185139398778875	3	695	log2(tiles)=0.00 log10(pixels)=1.50
0.0722192947339193	4	696	log2(tiles)=0.00 log10(pixels)=1.25
0.0797835966168101	1	697	log2(tiles)=1.00 log10(pixels)=1.50
-0.106547323513813	1	698	log2(tiles)=1.00 log10(pixels)=1.75
0.115950051656401	1	699	log2(tiles)=0.00 log10(pixels)=2.50
0.0760748027008265	1	700	log2(tiles)=0.00 log10(pixels)=1.75
0.117271295655764	1	701	log2(tiles)=1.00 log10(pixels)=2.00
-0.10078088734462	2	702	log2(tiles)=0.00 log10(pixels)=2.25
-0.0686362358410126	2	703	log2(tiles)=1.00 log10(pixels)=1.50
0.112783856719735	8	704	log2(tiles)=0.00 log10(pixels)=1.50
0.0950980400142568	2	705	log2(tiles)=0.00 log10(pixels)=0.75
0.0563025007672873	1	706	log2(tiles)=1.00 log10(pixels)=1.50
0.00527250510330601	2	707	log2(tiles)=1.00 log10(pixels)=1.25
-0.00877392430750512	1	708	log2(tiles)=1.00 log10(pixels)=2.00
0.0334237554869499	1	709	log2(tiles)=1.50 log10(pixels)=2.00
-0.122634143407268	2	710	log2(tiles)=1.00 log10(pixels)=2.75
-0.0222763947111522	2	711	log2(tiles)=0.00 log10(pixels)=2.00
0.0440680443502757	6	712	log2(tiles)=0.00 log10(pixels)=1.50
0.0510299956639813	5	713	log2(tiles)=0.00 log10(pixels)=1.25
0.119231719730976	1	714	log2(tiles)=1.00 log10(pixels)=1.75
0	1	715	log2(tiles)=1.00 log10(pixels)=1.00
-0.0686362358410126	3	716	log2(tiles)=1.00 log10(pixels)=1.50
0.0185139398778875	4	717	log2(tiles)=0.00 log10(pixels)=1.50
-0.0376020021010439	3	718	log2(tiles)=0.00 log10(pixels)=1.50
-0.0339966563652008	3	719	log2(tiles)=0.00 log10(pixels)=1.75
-0.122895201635192	2	720	log2(tiles)=0.00 log10(pixels)=2.25
0.0695439355418688	1	721	log2(tiles)=1.50 log10(pixels)=1.75
-0.00963731050575611	1	722	log2(tiles)=1.00 log10(pixels)=1.75
-0.0424298239020637	1	723	log2(tiles)=1.00 log10(pixels)=1.75
0.0596301674258988	1	724	log2(tiles)=1.50 log10(pixels)=2.25
-0.0767541260631921	1	725	log2(tiles)=0.00 log10(pixels)=2.50
0.0208520116421442	3	726	log2(tiles)=1.00 log10(pixels)=1.75
0.0924226808222062	2	727	log2(tiles)=0.00 log10(pixels)=1.25
0.0950980400142568	3	728	log2(tiles)=0.00 log10(pixels)=0.75
0.0423916894982539	4	729	log2(tiles)=0.00 log10(pixels)=1.75
0.0899051114393981	1	730	log2(tiles)=0.00 log10(pixels)=2.00
0.123249290397901	5	731	log2(tiles)=0.00 log10(pixels)=1.50
0.0797835966168101	4	732	log2(tiles)=0.00 log10(pixels)=1.50
-0.0510299956639813	1	733	log2(tiles)=2.00 log10(pixels)=2.75
-0.0568754016455384	1	734	log2(tiles)=2.00 log10(pixels)=2.25
-0.0195510786217261	2	735	log2(tiles)=0.00 log10(pixels)=1.25
0.068201724066995	3	736	log2(tiles)=1.00 log10(pixels)=1.50
0.0740312677277188	2	737	log2(tiles)=1.00 log10(pixels)=2.50
-0.0739087409443187	1	738	log2(tiles)=0.00 log10(pixels)=1.25
0.0825089127062364	1	739	log2(tiles)=0.00 log10(pixels)=1.75
0.0287536009528289	4	740	log2(tiles)=0.00 log10(pixels)=1.25
0.0950980400142568	1	741	log2(tiles)=1.00 log10(pixels)=0.75
-0.0757207139381184	2	742	log2(tiles)=0.00 log10(pixels)=2.00
0.00860017176191752	2	743	log2(tiles)=1.00 log10(pixels)=2.00
-0.0458800173440752	3	744	log2(tiles)=0.00 log10(pixels)=1.25
-0.0458800173440752	4	745	log2(tiles)=0.00 log10(pixels)=1.25
-0.0686362358410126	3	746	log2(tiles)=0.00 log10(pixels)=1.50
0.0185139398778875	3	747	log2(tiles)=1.00 log10(pixels)=1.50
0.00514997831990605	2	748	log2(tiles)=1.00 log10(pixels)=1.50
-0.102059991327962	1	749	log2(tiles)=1.00 log10(pixels)=1.50
-0.030177984021837	1	750	log2(tiles)=2.00 log10(pixels)=2.50
-0.031517051446065	1	751	log2(tiles)=1.00 log10(pixels)=2.00
0.123249290397901	6	752	log2(tiles)=0.00 log10(pixels)=1.50
-0.075118363368933	1	753	log2(tiles)=1.00 log10(pixels)=2.50
-0.0915149811213503	1	754	log2(tiles)=0.00 log10(pixels)=2.00
0.102182518111363	2	755	log2(tiles)=0.00 log10(pixels)=2.25
-0.00863830616572736	6	756	log2(tiles)=0.00 log10(pixels)=1.50
0.075546961392531	2	757	log2(tiles)=1.00 log10(pixels)=2.00
-0.106985199745905	1	758	log2(tiles)=0.00 log10(pixels)=2.25
0.0158738437116792	1	759	log2(tiles)=2.00 log10(pixels)=2.50
-0.0510299956639813	4	760	log2(tiles)=0.00 log10(pixels)=1.75
-0.103871964321762	4	761	log2(tiles)=0.00 log10(pixels)=1.25
-0.0598039199714864	4	762	log2(tiles)=1.00 log10(pixels)=1.75
0.00527250510330601	2	763	log2(tiles)=0.00 log10(pixels)=1.25
0.0492180226701815	2	764	log2(tiles)=1.00 log10(pixels)=2.00
-0.116461091629783	1	765	log2(tiles)=1.00 log10(pixels)=2.25
0.113322860120456	4	766	log2(tiles)=1.00 log10(pixels)=1.75
-0.0861861476162833	2	767	log2(tiles)=0.00 log10(pixels)=2.00
-0.0951662833800619	1	768	log2(tiles)=2.00 log10(pixels)=2.50
-0.0331622767004753	1	769	log2(tiles)=1.00 log10(pixels)=2.75
0.0825089127062364	2	770	log2(tiles)=0.00 log10(pixels)=1.75
0.0888490907372552	1	771	log2(tiles)=1.00 log10(pixels)=1.75
0.107332496431269	1	772	log2(tiles)=0.00 log10(pixels)=1.75
0.0355573090077739	1	773	log2(tiles)=0.00 log10(pixels)=2.25
0.00527250510330601	3	774	log2(tiles)=0.00 log10(pixels)=1.25
-0.107535479757879	1	775	log2(tiles)=1.00 log10(pixels)=2.75
0.0718820073061255	2	776	log2(tiles)=0.00 log10(pixels)=2.00
0.0629133566428555	1	777	log2(tiles)=1.00 log10(pixels)=1.75
-0.0339966563652008	1	778	log2(tiles)=1.00 log10(pixels)=1.75
-0.0458800173440752	5	779	log2(tiles)=0.00 log10(pixels)=1.25
-0.0272835288524167	2	780	log2(tiles)=1.00 log10(pixels)=2.25
-0.0457574905606751	3	781	log2(tiles)=0.00 log10(pixels)=1.00
-0.0686362358410126	4	782	log2(tiles)=1.00 log10(pixels)=1.50
0.0904441148401185	1	783	log2(tiles)=1.00 log10(pixels)=3.25
0.0563025007672873	2	784	log2(tiles)=1.00 log10(pixels)=1.50
-0.0687587626244128	4	785	log2(tiles)=1.00 log10(pixels)=1.75
0.0563025007672873	3	786	log2(tiles)=0.00 log10(pixels)=1.50
-0.0739087409443187	2	787	log2(tiles)=0.00 log10(pixels)=1.25
0.0510299956639813	6	788	log2(tiles)=0.00 log10(pixels)=1.25
0.0171958979499744	1	789	log2(tiles)=2.00 log10(pixels)=2.50
-0.0195510786217261	3	790	log2(tiles)=0.00 log10(pixels)=1.25
0.0440680443502757	7	791	log2(tiles)=0.00 log10(pixels)=1.50
-0.0528419686577808	2	792	log2(tiles)=0.00 log10(pixels)=1.50
0.0440680443502757	1	793	log2(tiles)=1.00 log10(pixels)=1.50
0.0563025007672873	4	794	log2(tiles)=0.00 log10(pixels)=1.50
-0.116531544420413	4	795	log2(tiles)=0.00 log10(pixels)=1.75
0.068201724066995	4	796	log2(tiles)=1.00 log10(pixels)=1.50
-0.0528419686577808	3	797	log2(tiles)=0.00 log10(pixels)=1.50
-0.0596683018297086	1	798	log2(tiles)=1.00 log10(pixels)=2.25
0.012837224705172	1	799	log2(tiles)=1.00 log10(pixels)=2.00
0.112783856719735	9	800	log2(tiles)=0.00 log10(pixels)=1.50
0.0791812460476249	3	801	log2(tiles)=0.00 log10(pixels)=1.00
-0.0598039199714864	5	802	log2(tiles)=1.00 log10(pixels)=1.75
-0.0900668766687054	1	803	log2(tiles)=1.00 log10(pixels)=2.50
-0.0916375079047502	1	804	log2(tiles)=2.25 log10(pixels)=2.25
-0.103871964321762	5	805	log2(tiles)=0.00 log10(pixels)=1.25
-0.0969100130080565	2	806	log2(tiles)=0.00 log10(pixels)=1.00
0.0493405494535817	4	807	log2(tiles)=0.00 log10(pixels)=1.75
-0.11261017366127	1	808	log2(tiles)=1.00 log10(pixels)=2.50
-0.0376020021010439	4	809	log2(tiles)=0.00 log10(pixels)=1.50
0.0563025007672873	1	810	log2(tiles)=2.00 log10(pixels)=2.50
-0.0872421683184259	3	811	log2(tiles)=0.00 log10(pixels)=1.75
-0.00863830616572736	7	812	log2(tiles)=0.00 log10(pixels)=1.50
0.00527250510330601	4	813	log2(tiles)=0.00 log10(pixels)=1.25
-0.085026652029182	6	814	log2(tiles)=0.00 log10(pixels)=1.50
-0.0687587626244128	2	815	log2(tiles)=0.00 log10(pixels)=1.75
-0.00863830616572736	3	816	log2(tiles)=1.00 log10(pixels)=1.50
-0.0739087409443187	3	817	log2(tiles)=0.00 log10(pixels)=1.25
-0.085026652029182	7	818	log2(tiles)=0.00 log10(pixels)=1.50
-0.0457574905606751	1	819	log2(tiles)=1.00 log10(pixels)=1.00
-0.0424298239020637	3	820	log2(tiles)=0.00 log10(pixels)=1.75
0.0924226808222062	3	821	log2(tiles)=0.00 log10(pixels)=1.25
-0.00863830616572736	1	822	log2(tiles)=1.50 log10(pixels)=1.50
0.0423916894982539	2	823	log2(tiles)=1.00 log10(pixels)=1.75
-0.085026652029182	2	824	log2(tiles)=1.00 log10(pixels)=1.50
-0.0457574905606751	4	825	log2(tiles)=0.00 log10(pixels)=1.00
0.0884564936046046	2	826	log2(tiles)=0.00 log10(pixels)=2.25
-0.0779021420642825	3	827	log2(tiles)=0.00 log10(pixels)=1.75
0.0208520116421442	1	828	log2(tiles)=0.00 log10(pixels)=1.75
-0.119788758288394	3	829	log2(tiles)=0.00 log10(pixels)=1.50
0.0791812460476249	4	830	log2(tiles)=0.00 log10(pixels)=1.00
0.0510299956639813	7	831	log2(tiles)=0.00 log10(pixels)=1.25
0.0791812460476249	5	832	log2(tiles)=0.00 log10(pixels)=1.00
-0.0705810742857072	3	833	log2(tiles)=0.00 log10(pixels)=2.00
0.0722192947339193	5	834	log2(tiles)=0.00 log10(pixels)=1.25
0.0413926851582249	2	835	log2(tiles)=0.00 log10(pixels)=1.00
-0.106547323513813	4	836	log2(tiles)=0.00 log10(pixels)=1.75
0.0314789170422551	4	837	log2(tiles)=0.00 log10(pixels)=1.50
-0.085026652029182	3	838	log2(tiles)=1.00 log10(pixels)=1.50
0.0563025007672873	5	839	log2(tiles)=0.00 log10(pixels)=1.50
0.0563025007672873	1	840	log2(tiles)=1.50 log10(pixels)=1.50
0.0281512503836436	1	841	log2(tiles)=0.00 log10(pixels)=0.75
0.113943352306837	1	842	log2(tiles)=0.00 log10(pixels)=2.00
0.1154879848909	1	843	log2(tiles)=0.00 log10(pixels)=2.25
0.0510299956639813	8	844	log2(tiles)=0.00 log10(pixels)=1.25
-0.085026652029182	4	845	log2(tiles)=1.00 log10(pixels)=1.50
-0.0915149811213503	4	846	log2(tiles)=1.00 log10(pixels)=2.00
0.00860017176191752	4	847	log2(tiles)=0.00 log10(pixels)=2.00
-0.0457574905606751	5	848	log2(tiles)=0.00 log10(pixels)=1.00
0.0287536009528289	5	849	log2(tiles)=0.00 log10(pixels)=1.25
-0.0510299956639813	1	850	log2(tiles)=1.00 log10(pixels)=1.75
0.110589710299249	1	851	log2(tiles)=1.00 log10(pixels)=2.00
-0.0339966563652008	4	852	log2(tiles)=0.00 log10(pixels)=1.75
0.118644438394826	1	853	log2(tiles)=1.00 log10(pixels)=2.75
-0.0378123955960423	1	854	log2(tiles)=0.00 log10(pixels)=2.25
-0.0512936800949202	1	855	log2(tiles)=0.00 log10(pixels)=2.50
0.0797835966168101	5	856	log2(tiles)=0.00 log10(pixels)=1.50
0	3	857	log2(tiles)=0.00 log10(pixels)=1.00
-0.085026652029182	5	858	log2(tiles)=1.00 log10(pixels)=1.50
-0.0686362358410126	4	859	log2(tiles)=0.00 log10(pixels)=1.50
0.0314789170422551	1	860	log2(tiles)=1.00 log10(pixels)=1.50
0.068201724066995	4	861	log2(tiles)=0.00 log10(pixels)=1.50
-0.0872421683184259	2	862	log2(tiles)=1.00 log10(pixels)=1.75
0.113322860120456	5	863	log2(tiles)=1.00 log10(pixels)=1.75
-0.103871964321762	6	864	log2(tiles)=0.00 log10(pixels)=1.25
0.0423916894982539	3	865	log2(tiles)=1.00 log10(pixels)=1.75
-0.0195510786217261	4	866	log2(tiles)=0.00 log10(pixels)=1.25
-0.102059991327962	5	867	log2(tiles)=0.00 log10(pixels)=1.50
0.0287536009528289	6	868	log2(tiles)=0.00 log10(pixels)=1.25
-0.0072396109731625	1	869	log2(tiles)=1.00 log10(pixels)=2.50
0.123249290397901	7	870	log2(tiles)=0.00 log10(pixels)=1.50
-0.0331622767004753	2	871	log2(tiles)=1.00 log10(pixels)=2.75
-0.0861861476162833	1	872	log2(tiles)=1.00 log10(pixels)=2.00
0.0353298350107671	3	873	log2(tiles)=1.00 log10(pixels)=1.75
-0.0195510786217261	1	874	log2(tiles)=1.00 log10(pixels)=1.25
-0.0176062401770314	5	875	log2(tiles)=0.00 log10(pixels)=1.75
0.00432137378264263	2	876	log2(tiles)=1.00 log10(pixels)=2.00
-0.0409586076789064	2	877	log2(tiles)=0.00 log10(pixels)=2.00
0.113943352306837	2	878	log2(tiles)=0.00 log10(pixels)=1.00
-0.00181197299379954	1	879	log2(tiles)=0.00 log10(pixels)=1.75
-0.0779021420642825	4	880	log2(tiles)=0.00 log10(pixels)=1.75
-0.0376020021010439	5	881	log2(tiles)=0.00 log10(pixels)=1.50
0.107332496431269	2	882	log2(tiles)=0.00 log10(pixels)=1.75
-0.0176062401770314	6	883	log2(tiles)=0.00 log10(pixels)=1.75
-0.0424298239020637	4	884	log2(tiles)=0.00 log10(pixels)=1.75
-0.102059991327962	6	885	log2(tiles)=0.00 log10(pixels)=1.50
0.0134279935629373	3	886	log2(tiles)=0.00 log10(pixels)=1.75
-0.00877392430750512	2	887	log2(tiles)=1.00 log10(pixels)=2.00
-0.00963731050575611	2	888	log2(tiles)=1.00 log10(pixels)=1.75
0.0502283530550942	1	889	log2(tiles)=0.00 log10(pixels)=2.50
0.111727836017593	6	890	log2(tiles)=0.00 log10(pixels)=1.25
0.107332496431269	2	891	log2(tiles)=1.00 log10(pixels)=1.75
-0.103871964321762	7	892	log2(tiles)=0.00 log10(pixels)=1.25
-0.0757207139381184	3	893	log2(tiles)=0.00 log10(pixels)=2.00
0.0281512503836436	1	894	log2(tiles)=1.50 log10(pixels)=1.75
0.119215857410143	1	895	log2(tiles)=2.00 log10(pixels)=2.25
0.0791812460476247	1	896	log2(tiles)=0.00 log10(pixels)=2.00
0.123249290397901	8	897	log2(tiles)=0.00 log10(pixels)=1.50
0.113322860120456	2	898	log2(tiles)=0.00 log10(pixels)=1.75
0.0722192947339193	6	899	log2(tiles)=0.00 log10(pixels)=1.25
-0.0228787452803376	3	900	log2(tiles)=0.00 log10(pixels)=1.50
-0.0457574905606752	1	901	log2(tiles)=0.00 log10(pixels)=2.00
